0,1,2,3,4
0.0021884795,0.31189978,6.9061584,7.2429876,0.8505271
0.01500418,0.12958367,4.2085104,2.69261,0.906124
0.02936472,0.1930842,5.030492,8.434957,0.77846915
0.032613292,0.29878232,5.3905497,4.4973636,0.9205574
0.018743997,0.15629883,4.0136223,4.165314,0.810072
0.001797347,0.23205823,6.0067286,5.0067916,1.05563
0.002512677,0.2898598,6.4499865,4.3987613,0.89677984
0.002032977,0.13807915,5.8362927,6.3937693,1.0736517
0.00021069935,0.30159277,6.614045,7.8655686,1.003168
0.0005599248,0.29150784,4.919958,5.3771877,0.86965656
0.005746699,0.31195462,4.670599,4.7167583,0.8241101
0.016142365,0.13433358,4.936503,5.91899,0.8811243
0.010472108,0.19069856,5.8665934,7.637411,0.86122084
0.0034258047,0.19099241,6.622501,7.1832633,1.0001187
0.009632705,0.21303184,4.8978467,4.7443504,0.926155
0.006828813,0.24644361,6.775965,6.6393647,0.7742314
0.008422154,0.22287802,2.7257078,4.99752,1.0452124
0.002193427,0.3640937,3.2759564,6.2037377,0.9105419
0.0050977217,0.21206409,6.0927672,6.1336193,0.6208747
0.016187375,0.08998999,6.1759033,7.744198,0.8921071
0.027202917,0.20048602,3.6377053,7.109053,1.0701299
0.03841994,0.2295449,7.8468647,5.6623583,0.9159168
0.032969404,0.06573947,3.3283465,4.554485,0.9811462
0.00460706,0.231319,5.136516,7.579924,1.0324745
0.0020834208,0.229331,5.3029904,6.3558135,0.84527755
0.0059130657,0.21062155,2.1444888,4.122106,0.97749555
0.0024938576,0.27261716,7.466542,6.298977,0.889134
0.008837247,0.20223907,4.44418,4.4498105,0.92203707
0.0024804708,0.17331919,4.600347,3.6133363,0.9493899
0.010082624,0.2507751,5.7191353,4.5179768,0.82269824
0.01232407,0.17608495,8.958564,8.481516,0.8845181
0.006352896,0.16169609,4.9265676,3.510087,0.9604055
0.022817422,0.13319652,4.819264,7.413522,0.8773278
0.0015217499,0.15771906,6.7545085,8.358158,1.0026555
0.0073633217,0.17619659,3.7395577,4.4743404,0.9756836
0.02303462,0.12956393,6.758967,6.647903,0.91769934
0.0023644504,0.27466577,5.3704605,5.347115,0.9951083
0.011324023,0.19709845,8.770522,4.7141848,0.7987755
0.013105073,0.15436308,3.2478964,6.3404765,0.9838604
0.015756082,0.14806421,4.2874155,4.9838543,0.81112903
0.005255067,0.18059146,5.8998704,5.146498,0.8491536
0.0092485575,0.28415042,5.2039433,5.5132904,0.8048999
0.014373343,0.29587412,5.4455476,6.8738365,0.9180021
0.00986494,0.18205974,4.0977597,6.5906515,0.7715878
0.010423992,0.24290213,7.9541645,6.430084,0.9390394
0.008641002,0.21791108,6.801321,2.617411,0.82381827
0.011497763,0.24668333,6.3815207,3.500323,1.048461
0.033900283,0.2069366,4.4225783,5.5553384,1.0112475
0.010404202,0.21935993,4.37869,4.487815,0.92975354
0.008685916,0.1924802,4.967263,5.4159303,0.94208926
0.004063044,0.31178686,6.354175,3.7447083,0.8218974
0.010265967,0.15738152,6.275896,4.045846,0.7450632
0.0069791735,0.18466683,2.7136455,6.051326,1.0578694
0.016067378,0.29014575,6.6334977,5.9175305,0.87121713
0.021243481,0.13992766,2.7600296,2.7189991,1.0086758
0.03191096,0.25006387,7.2306085,5.0397153,1.02299
0.005763481,0.24594681,4.450145,0.864967,1.1235962
0.016504006,0.1928926,4.4764447,6.468125,0.8257152
0.0043457225,0.2635447,5.9698954,3.8440068,0.78908336
0.02499882,0.20252682,6.726309,7.035032,0.746621
0.016219195,0.15029138,4.7651377,6.2653885,0.9691324
0.0019238442,0.27247676,5.7477884,7.374716,0.88055235
0.03674395,0.06541999,3.15501,7.066487,0.97576445
0.012944818,0.2356265,5.624851,7.376719,0.86862487
0.006833663,0.2423513,6.9247575,5.7065516,0.91730475
0.0071003353,0.096350946,2.8448355,4.395313,1.0923187
0.006040436,0.2793911,5.93383,4.4668803,0.93307054
0.017528014,0.18123128,4.3675137,5.376488,1.0148953
0.0023289458,0.05349438,3.7055602,4.4091783,1.0430565
0.00038977442,0.2438157,5.604024,3.1338658,0.9584038
0.0061595608,0.14752899,5.844628,4.8898063,0.8700909
0.02400731,0.01980502,3.612074,5.826793,0.8382592
0.011094699,0.20990582,5.2932944,4.0925245,0.91039735
0.014939477,0.11035166,4.5463467,6.7689824,0.8459023
0.011030189,0.13074496,6.742568,4.3793583,0.8152702
0.06653288,0.19351678,5.8603325,6.704197,1.0166519
0.004340581,0.36230454,5.450802,4.2837768,0.9597972
0.0037355484,0.08829557,4.4724126,7.4491377,0.89514124
0.0032451774,0.11391324,6.640688,5.0837884,0.8600651
0.0008484238,0.27357924,5.3892646,5.1371126,0.8529111
0.027349688,0.16141553,6.3715096,5.5834913,0.90407634
0.0016137126,0.2073038,4.9096017,6.620895,1.0801275
0.0033082322,0.17346932,4.0316043,7.8460283,1.0254809
0.0225134,0.23592435,6.9454317,5.6596327,0.8398129
0.022698587,0.18839373,5.2270584,4.4457293,0.8855772
0.0399349,0.18168768,3.6221411,3.7096226,0.9067015
0.0066645797,0.17938997,5.1589446,7.239564,0.9761652
0.022889012,0.09051082,4.9808106,5.7898498,0.8333241
0.010803872,0.11339552,6.1479793,6.936939,0.8766482
0.0018741766,0.211103,3.0931013,5.677965,0.9136753
0.0061540315,0.2658775,4.690865,3.6585011,0.99151653
0.0056004124,0.10536059,5.732373,7.4601,0.75534034
0.020829746,0.17693685,6.0037675,7.236153,1.1482793
0.0031494314,0.1897934,3.3496847,4.3658776,0.9335706
0.029941233,0.22659451,5.085795,4.926111,0.92161924
0.01511021,0.13246818,4.7532873,3.4433408,0.9197655
0.0013278328,0.18239868,5.281208,6.8351417,0.94537824
0.000671774,0.18082596,2.898127,4.9131784,0.8874501
0.005103445,0.07802432,2.3787527,6.2466893,1.0382133
0.004737825,0.0468945,4.6423936,8.066574,1.0374713
0.011380385,0.19297531,3.8911476,6.9309216,1.0416151
0.032085575,0.15585172,5.783218,5.819335,0.9955467
0.023812326,0.24787094,5.0851197,8.72002,0.80674744
0.019482512,0.2021393,4.4370017,1.7531312,0.90571296
0.0051827966,0.25304404,5.266426,9.130572,1.021267
0.0061842008,0.20926918,6.199363,7.0649395,1.0180165
0.010780008,0.25976634,5.650002,6.917806,1.0140363
0.0100380005,0.25551063,6.4593654,6.9178333,0.85857373
3.84148e-05,0.1440708,5.6538286,5.940697,0.8347257
0.019188484,0.21167743,2.6971374,4.8725142,1.1567274
0.023530424,0.14575322,5.9506106,5.760425,0.93348914
0.005326561,0.20438884,4.804108,7.8978977,0.8352388
0.0027779914,0.23691298,3.9154658,7.093829,0.85651106
0.0066180164,0.15623859,2.7289503,6.743218,1.0228872
0.012924737,0.16184355,5.7957144,5.721386,0.9543079
0.0043410663,0.11386122,3.1323674,4.656711,1.0005798
0.0031174193,0.19293979,5.245095,7.8036304,0.93628895
0.012501592,0.27452755,3.685744,5.1809435,0.92969185
0.018963523,0.21935898,5.289465,5.2400694,0.8808969
0.013563335,0.102249235,4.572203,4.8895917,1.0028323
0.006366089,0.27111563,7.253722,6.158139,0.8195333
0.016136544,0.23621272,4.9491386,5.1907,0.9307825
0.015958924,0.26120484,5.9305797,6.5089784,1.035997
0.012863428,0.12308169,1.4000138,3.476185,0.95604795
0.010002302,0.19827002,3.105602,7.258409,0.98365283
0.03133959,0.091879725,5.785255,5.0312686,0.9086635
0.00987823,0.20435742,6.3345838,5.3009906,0.8252555
0.011645311,0.22364716,3.991485,4.472706,1.1320997
0.008176338,0.17849845,1.61654,5.394603,1.0592382
0.0076088468,0.20803845,4.4182143,6.470555,0.9393881
0.012818223,0.09582364,5.9615917,4.5555906,0.77063483
0.020480327,0.14602317,4.6193986,5.959297,0.9690612
0.02318333,0.19496287,5.720614,4.381401,0.9799707
0.011053665,0.2654164,5.857523,4.495542,0.8338043
0.0037702767,0.2967335,7.7828507,5.4232087,0.8788102
0.008437481,0.13926154,3.875157,7.169682,1.023192
0.0007492826,0.1435032,3.6468017,4.201905,0.8975807
0.010085728,0.1307619,2.7189295,6.2221537,0.7866336
0.018363051,0.339483,6.2667637,5.3734727,0.9645556
0.011923721,0.23695418,6.8312488,2.8834174,1.0448034
0.024768911,0.19234188,4.80727,6.7385535,0.82814026
0.0019685645,0.12258109,6.0419445,3.9038682,0.9796432
0.01787724,0.16194953,4.363118,2.7878873,0.9560753
0.0007461784,0.20298348,3.9509494,5.3764973,1.1188029
0.0008298955,0.1410363,4.246361,7.579581,0.7836221
0.0153309,0.2758429,6.875033,4.901306,0.9574338
0.046264224,0.16256624,4.543934,7.8505974,0.9684933
0.013225362,0.22554912,6.204522,5.857453,1.0565912
0.02092656,0.18561791,6.6478577,3.5383892,0.8754617
0.017029107,0.2642435,3.736385,5.53588,0.9129396
0.0089578265,0.10738444,5.054481,5.64102,0.9122107
0.00011505039,0.23239258,5.979501,4.478701,1.0963845
0.006465909,0.1001452,1.2968427,5.593539,1.0264981
0.006460283,0.29795817,3.366849,5.1104527,0.9997468
0.013173366,0.063796215,3.449391,7.2354,0.9632581
0.0010647496,0.08156344,2.1102786,2.5050933,0.9919591
0.0012736059,0.22276045,3.9321523,5.1110597,1.0167409
0.025798934,0.16526902,4.4500346,2.5270207,0.9244944
0.0069058365,0.15081102,3.8317537,8.02134,0.85864365
0.019850072,0.13201725,3.6282039,7.824184,0.9837254
0.02276465,0.21865246,7.4325485,4.9205804,0.7983131
0.002151423,0.12190437,4.20458,7.266609,0.9372624
0.025182065,0.09623066,3.2994874,2.5588202,0.9873747
0.019378908,0.2657495,8.33613,6.0278673,0.9344722
0.02468665,0.28195155,5.202964,4.842582,0.8546559
0.009346631,0.3393983,8.178647,2.094729,0.92388535
0.0058874562,0.18244542,3.2165372,3.592043,0.898774
0.0030099354,0.11075147,3.5322955,7.970841,0.9632163
0.020530092,0.079848245,2.920846,6.1140203,1.0018047
0.01604361,0.09643772,2.5424125,7.0846715,0.8778779
0.0052339192,0.22690631,4.4036455,6.561184,0.9500866
0.020348396,0.16061682,3.5123293,5.745745,0.93390155
0.019196438,0.30959603,5.9101925,3.9125328,0.9462208
0.0021586984,0.14505298,3.237083,7.587321,1.1264303
0.013311892,0.095390275,4.4701695,9.50649,0.81193465
0.021374732,0.1726091,4.6699862,8.416313,0.97992545
0.013316742,0.16678867,5.0003767,5.1089625,0.87829167
0.021923307,0.3203511,5.1487193,5.781176,0.8362314
0.003648145,0.26757154,6.085275,7.582332,0.90646994
0.0026106543,0.31270215,5.0294356,3.334112,1.000075
0.0012167597,0.23214124,5.046945,4.629166,0.97200143
0.007463724,0.008849484,3.9034235,2.9008255,1.0098137
0.023962978,0.09990236,3.574276,7.155965,1.0492426
0.0018217928,0.29916602,5.220107,8.247935,1.0009737
0.013293267,0.19288763,4.260791,5.3925977,0.8771414
0.0020062032,0.18056941,4.5719705,4.296104,0.98170936
5.199579e-05,0.20191191,4.5557184,4.4174004,0.83780706
0.009518916,0.19636902,3.599923,5.9511085,0.978456
0.022684522,0.24039172,6.012519,2.9441922,0.89998865
0.007228482,0.21282017,7.252859,5.9762206,1.052711
0.0067489757,0.17443523,4.8977556,2.5728657,0.93032557
0.055941068,0.05804736,7.033193,4.31388,1.0503975
0.01787239,0.14171499,5.928784,5.9069004,0.78532445
0.009814302,0.10719366,3.7104206,7.6894436,0.9153249
0.012477729,0.10883507,4.017865,7.292261,1.094376
0.005792098,0.07450635,4.553247,5.4481273,0.9476053
0.01635966,0.2534782,4.6827283,6.8103857,1.0779203
0.011895104,0.3236871,5.9444594,6.800833,1.0465119
0.013415786,0.19575435,6.324098,3.8830926,0.95662266
0.016322022,0.21291496,5.4554014,5.916764,0.97148764
0.034236997,0.23286265,4.3800063,5.3166823,0.87190557
0.046600256,0.12625776,3.7471144,5.116328,0.9111098
0.043023024,0.19808799,5.646652,5.2739534,0.83877915
0.0042845113,0.21266478,4.309439,7.638638,0.70746744
0.026135257,0.14814052,5.38522,4.32821,1.0285039
0.015780626,0.15077999,3.3572745,6.1241026,0.85926497
0.0109324055,0.15264954,3.952109,6.4834967,1.0049416
0.018292138,0.19953725,3.6811953,4.130709,0.9878707
0.008875759,0.13002951,5.6310844,8.665521,0.8546724
0.004154522,0.12330752,3.977959,7.328775,0.94507474
0.0071162446,0.14628224,4.5723295,2.9887648,0.98716235
0.0055228067,0.1577398,6.5655375,5.0599327,0.89439726
0.0019688555,0.20094128,4.315817,4.4629984,1.0301138
0.016398657,0.123430185,4.135631,6.5593767,1.0667608
0.012665146,0.051646493,2.0674665,5.670923,0.9683741
0.010294681,0.22492285,4.5473733,4.1457877,1.1086757
0.00088742067,0.18365881,4.989967,3.8395185,1.0957001
0.007379328,0.26929942,5.566,7.960342,0.93974847
0.030190444,0.13406566,5.240154,8.658115,0.9602521
0.018231703,0.23284766,4.8922653,3.7195377,1.160987
0.001069794,0.27832052,5.176226,1.8947433,0.93774265
0.0072068493,0.18400665,4.1132007,4.2097006,1.0814291
0.033531077,0.2574777,6.5162306,4.0091567,1.0220363
0.0040392773,0.13580155,5.748945,4.078623,1.049296
0.017243007,0.046588995,6.7069216,8.0909605,0.9136198
0.0043246723,0.23974274,4.3920636,6.802584,0.8041908
0.008471531,0.19666158,6.9101353,7.2607203,0.9421365
0.036708444,0.19280392,7.0481095,5.356319,0.9510573
0.015750164,0.2766999,5.2731905,3.7776654,0.8477184
0.012912902,0.27065465,4.9349446,3.5001833,0.92701334
0.0023570778,0.23422611,5.518611,5.244085,1.0806954
0.015361167,0.15365224,7.5350285,7.2585993,0.80011475
0.0041201813,0.1627184,4.9202585,5.8527336,0.9663189
0.035826262,0.1938276,1.8203646,5.9069705,1.0873144
0.0024451602,0.2404207,4.423563,5.6958723,0.6920579
0.01138475,0.19894911,6.0538163,7.633861,0.83937997
0.0021697572,0.24334447,5.0896053,6.5252457,0.9016424
0.004975687,0.061180484,4.180988,4.6844954,1.0994467
0.0031932788,0.37604895,6.7822547,5.8746614,0.9213445
0.022248669,0.16710113,3.2851005,5.805511,1.0005237
0.0029520222,0.17824006,3.4537735,7.563498,0.9778032
0.0182448,0.2408754,4.7693605,8.934488,0.93916756
0.0030289488,0.21854018,4.8199787,5.1794944,0.9824259
0.00015288315,0.11232831,4.0791,3.3770301,0.9967935
0.019609107,0.20550093,4.1406507,3.0889287,0.79414105
0.0044215824,0.12300194,4.1913753,5.100951,0.9429867
0.018681718,0.14672871,5.5108285,6.8848825,1.0478663
0.004527417,0.15870622,4.067191,9.222757,0.9125265
0.0060038646,0.12894486,5.2712107,3.8512473,0.90695906
0.027931634,0.13361502,6.7275677,3.772806,0.78028244
0.03536965,0.12451443,4.0116076,7.888551,0.9708334
0.019782458,0.2099191,6.7432575,3.0763836,0.86502904
0.015308395,0.2805927,4.7084064,7.170597,0.92801076
0.005890948,0.2188079,6.9734135,4.315215,1.0107255
0.01660732,0.2777718,5.2296114,0.713215,0.94314426
0.002964536,0.26088658,6.338111,5.711051,0.9797727
0.010489374,0.24095395,6.5265017,7.5007277,0.85003734
0.029275957,0.056374125,3.588308,7.7596025,0.8261358
0.0062902295,0.16256669,5.0677676,5.8226585,1.125163
0.011297928,0.06585105,2.8061984,4.2417946,0.99414855
0.03999,0.009076921,4.1359277,7.859346,0.8713253
0.014658059,0.305527,8.139697,4.632625,0.85761535
0.013405989,0.20757529,4.792335,6.332779,0.8583244
0.007919949,0.21004263,3.8310974,3.6172023,0.93171966
0.0054828394,0.19153666,3.9067154,3.8305666,0.93882364
0.026356142,0.06892194,2.4174721,7.013156,1.0110528
0.0047370493,0.16965759,3.684667,5.081304,0.8986761
0.009685477,0.23026702,6.750376,7.6810813,1.02898
0.03919357,0.20846242,5.605495,5.66397,0.9661511
0.0035585104,0.19655716,1.8877823,5.1238065,0.95059013
0.013028729,0.21922939,5.905083,10.538043,0.9594191
0.015252712,0.13484205,3.7426465,2.638025,0.86068165
0.003747771,0.15041679,6.405222,5.893345,0.8816477
0.015939135,0.09096592,0.7831754,2.398927,1.16641
0.009389799,0.0999077,4.5885015,5.179699,0.9353696
0.022046797,0.31586286,7.7264524,6.8869534,0.9826568
0.012889039,0.21600962,4.2424593,6.721538,0.96783084
0.0022396992,0.08692539,4.1826143,9.289525,0.8669951
0.001303775,0.13761875,5.4963403,5.574898,0.8665944
0.0075355093,0.18844292,4.5825706,4.786689,0.8713158
0.009035238,0.22087221,4.1984777,4.8752775,0.8735908
0.009708565,0.23621972,6.796521,5.1301603,0.80596167
0.0028422102,0.14498754,5.589057,7.249709,1.0222323
0.014594616,0.2365326,5.4300294,4.716851,0.8855402
0.017995976,0.22471757,7.4393835,7.324624,0.70341814
0.0054794443,0.26078042,5.115096,4.840267,1.0556314
0.033423785,0.17092095,6.109232,1.3754654,0.9170239
0.0056471694,0.095523804,3.5824313,2.027273,0.80815315
0.014058459,0.17146018,4.373296,6.1539903,1.1047312
0.018052435,0.16969498,7.052568,5.0972466,0.7566228
0.005377975,0.34028423,5.185244,4.97975,0.89039725
0.021336608,0.098521784,4.26793,5.80814,0.995357
0.0008835404,0.24228525,5.046587,5.379418,0.89060616
0.021049272,0.20201454,6.16733,3.1982095,0.8352203
0.01385649,0.22508132,5.195226,4.805671,0.9634102
0.018547267,0.20893194,5.3023696,5.459195,0.75393873
0.017705731,0.10541071,3.2409167,6.0922847,0.89111173
0.013907419,0.22054015,6.7960105,4.649102,0.9973518
0.024798596,0.1403765,4.099428,5.5760236,1.0694934
0.0136578195,0.111105785,7.62871,2.8089018,0.84207016
0.0002002226,0.24734588,4.514813,7.297804,0.91857344
0.0018541932,0.1135285,4.689297,5.7926188,0.90299195
0.0011396391,0.22632664,5.80774,3.8145232,0.8174815
0.0059245126,0.18191333,4.546333,7.487802,0.9048272
0.0076630735,0.14482364,5.748589,7.219456,0.89111036
0.011932451,0.25582096,5.402612,3.5885653,0.81408095
0.0049614264,0.20719695,4.1468267,5.530168,1.0470635
0.011354774,0.31252933,4.6589546,3.6100056,0.8128629
0.0031773695,0.3175756,7.787025,3.86713,0.9591115
0.011579734,0.3111922,5.7329144,4.3992853,0.83129907
0.0039061836,0.08882259,4.1272044,4.545493,0.85506356
0.0060474207,0.13488635,3.636718,4.2792907,0.9320231
0.03097009,0.22412688,7.139826,5.957305,0.934925
0.009947687,0.13716435,3.533409,8.87056,1.0005915
0.009610878,0.2610074,7.1846867,1.6688318,1.0337303
0.00017092646,0.27470157,4.8497295,5.6858315,0.85914373
0.0011564213,0.30729344,5.712099,7.322508,0.96878856
0.01219602,0.22528294,4.35098,6.671673,0.9369665
0.0018590435,0.28838292,5.508117,9.0568075,0.94963104
0.012089312,0.10927996,3.4310305,5.403732,0.9619613
0.002964148,0.24152595,5.5046587,1.7619663,0.7749897
0.015583895,0.3192515,5.2275634,6.037072,0.82731205
0.0039251,0.21824326,4.7540164,8.842521,0.96118444
0.0064694015,0.23774737,3.4712098,5.307617,0.9504278
0.0006956377,0.35451022,5.4644117,4.836224,0.93372136
0.001975064,0.1742833,5.087605,6.3050737,0.9144693
0.020522816,0.24592386,3.9100497,5.6942058,1.056024
0.0035338704,0.19542232,4.771283,5.027571,0.92927945
0.030473122,0.17821334,4.27086,4.4553905,1.1558608
0.041862722,0.16970873,6.22166,3.903466,0.84197974
0.022861462,0.137614,5.516695,6.2731566,0.91831243
0.00422621,0.12347416,2.9145787,4.2054424,1.1083996
0.018954212,0.17834154,4.0527735,5.826926,1.2152659
0.014302917,0.117648594,2.8395214,4.478531,1.0289149
0.021121252,0.06826231,3.8423924,4.1481886,0.96558934
0.006478229,0.21671177,4.06706,4.276113,0.8782656
0.016638944,0.1386696,6.4416614,2.7292953,0.80456555
0.0034897323,0.17694275,5.5072737,8.422192,0.8601302
0.008536817,0.2187208,3.8254836,5.053756,1.0044066
0.0031938609,0.118331745,4.252583,4.693725,0.9605741
0.012151202,0.2904653,5.255591,7.8452396,1.007892
0.012074276,0.10973062,3.3821027,7.1254516,0.74704987
0.021066347,0.10000991,2.2925832,6.831282,0.96281147
0.0042217476,0.14739075,7.2842875,4.0352364,0.8646159
0.0013112446,0.14772238,5.523683,3.9939134,0.9018438
0.018161664,0.2316634,6.1108785,6.2811418,0.73820853
0.0013292879,0.20305915,5.864085,8.211549,0.98132706
0.014338518,0.10370433,3.54016,5.2948356,0.97639537
0.006883525,0.082107835,4.573748,6.24966,1.016388
0.0072490475,0.21689957,5.872542,6.329413,0.9761419
0.012143248,0.12863274,5.721736,7.8245497,0.93177307
0.00878496,0.1092782,4.8566866,4.955757,1.0158551
0.022088122,0.29086176,7.5868177,6.584111,0.96935165
0.013151151,0.10334644,5.3824134,3.3097408,1.1181006
0.0011030674,0.13697071,4.19401,8.280777,0.96541536
0.021910599,0.006380455,3.3348672,3.568696,0.89854115
0.010515179,0.19228587,5.2855215,6.7624917,0.96928656
0.025433702,0.2468962,6.691501,3.3359082,0.8419941
0.013789749,0.1979426,7.043481,4.195314,1.014163
0.029890012,0.14663765,5.6490917,7.130025,0.9337549
0.018936072,0.32760277,5.437796,5.860803,1.0893174
0.011208391,0.104424246,5.5141683,6.1703334,0.9619298
0.009295315,0.33013627,5.7822804,6.851582,0.9882838
0.003992423,0.17543267,4.9786105,3.7234285,0.88119835
0.020120721,0.17881887,4.5790057,6.892092,0.90933484
0.0065089804,0.30582237,4.7977495,1.8131717,1.0877056
0.0036020665,0.27581605,6.5293875,7.267724,0.88147306
0.008937649,0.11408284,6.013779,6.4150805,0.9078935
0.0015856776,0.2702404,6.2975354,6.2595606,1.0923433
0.019385213,0.11247479,3.9707725,4.9656067,0.90201503
0.0021421101,0.19239736,4.747063,6.486502,0.84078294
0.012775831,0.2015155,4.302604,6.6587925,0.9122203
0.008680775,0.24063115,3.8463166,7.0831213,0.9907938
0.0053704083,0.16638066,6.2319417,6.050543,0.9828164
0.016283024,0.060895648,2.2005014,7.3313546,1.0884379
0.00013416077,0.23696172,4.9278293,4.9912214,0.96057135
0.012376744,0.12552185,5.9113407,5.524343,0.8381852
0.012085238,0.28031895,5.3840146,6.456492,1.0084429
0.01628807,0.2684118,3.2251782,6.619088,1.0429298
0.02705595,0.30660522,6.790974,4.930664,1.04162
0.005997365,0.31704807,5.278697,5.334807,0.98965186
0.053052295,0.11268204,4.9481373,6.59226,0.838312
0.0074579036,0.18611072,4.7474027,7.455157,0.86712253
0.0019250083,0.19985634,4.168231,2.6320703,1.1795534
0.0043855924,0.30079246,6.6520386,5.4212675,0.93201834
0.015308782,0.1635093,5.0017295,4.8096905,0.8493694
0.025359977,0.15920617,5.31612,7.24713,0.87419844
0.034117095,0.2685484,6.4120183,4.747189,0.86347395
0.030126419,0.22634037,5.534038,5.623938,0.8303352
0.014576282,0.2010532,3.8684354,6.2900925,0.8661957
0.004045195,0.1422093,3.993867,5.765923,0.89418215
0.02325861,0.25246805,18.046085,0.8843808,5.1992545
0.004416926,0.1687748,4.743788,4.5867386,1.005956
0.022770373,0.051285714,4.009686,1.2202573,0.8735483
0.0036470778,0.22730905,4.315313,4.6415906,0.8863513
0.002058296,0.09567884,2.0214825,3.0604775,1.0266358
0.019820873,0.07089073,4.1784897,2.669109,0.9799097
0.0037216763,0.23967914,6.746409,5.6172,0.9310531
0.00028646187,0.19255607,4.506076,3.9523373,0.9916673
0.0070730764,0.23521222,6.044677,5.333175,0.95777017
0.0331998,0.14393896,5.3360972,3.765758,0.8636185
0.0006885562,0.15688436,5.9462814,6.174042,0.7896382
0.0038513746,0.18825994,4.106587,5.1252174,0.93461126
0.020552112,0.27609375,4.5304556,8.783302,0.9892614
0.02573064,0.1611049,7.194397,7.8411922,0.8363561
0.010827638,0.25965542,4.355151,4.8954525,1.0091772
0.0010946278,0.30640998,6.326741,3.3034558,1.0036105
0.013417824,0.2013525,4.2482142,3.9140413,0.916619
0.0034660627,0.3041383,5.5324807,2.548031,0.7771271
0.0037756122,0.17034985,3.6069496,3.1076608,0.9807852
0.026593518,0.070406005,4.2109847,6.1865635,0.9370884
0.0017056753,0.23395759,5.790729,7.732341,1.0483335
0.025277132,0.1332294,5.7105694,5.5958967,0.92111635
0.043008763,0.25171718,3.6880627,4.940734,0.909378
0.02006892,0.2516896,8.03031,3.1253881,1.0183672
0.011073357,0.25783545,5.9226975,6.034045,0.9873487
0.0032637059,0.27336076,7.581333,6.733213,0.91842276
0.006114938,0.20058897,6.3537793,9.102478,0.8956228
0.018286608,0.14725107,3.1333003,4.241496,0.9864999
0.00414841,0.14387672,4.783237,4.105338,0.9249883
0.011500673,0.1523029,3.3246408,6.13241,1.1081544
0.022285823,0.13077354,4.1958942,6.9536743,0.98601556
0.005034473,0.273472,4.968051,6.909657,0.7819718
0.017934667,0.14791992,7.474491,7.985414,0.78338575
0.0014002001,0.2533935,5.830644,6.6426773,0.7382113
0.008031798,0.11999869,3.753404,3.8156648,1.065418
0.006987031,0.28852943,7.186526,8.40958,0.9090238
0.031003265,0.10842669,4.4915543,5.285301,0.89960504
0.014490916,0.26523638,4.6634207,4.24551,0.979957
0.009621161,0.17528911,4.9951262,5.152641,1.0676794
0.0035523989,0.22949383,5.9471884,2.5358965,0.9540161
0.0036972305,0.17027365,4.263392,6.7440567,0.9740381
0.008957051,0.28746387,5.3395777,6.016463,0.95786536
0.01654378,0.21666564,5.602798,5.259763,0.8549183
0.018907938,0.24130966,3.639362,4.5583606,0.86980724
0.009329752,0.25042927,5.116728,6.3045535,0.853914
0.017037157,0.18350239,3.476306,6.0512166,0.94562006
0.013671788,0.22173631,6.4671464,5.807685,0.9381098
0.004526253,0.09817418,2.2611997,7.702188,0.94116443
0.0035062234,0.20216057,4.5393066,6.734468,1.01775
0.025897784,0.15746368,3.9146974,7.2277646,0.8430902
0.02415864,0.32443577,6.7817435,5.2120523,0.7396362
0.029476568,0.16884756,4.6861525,7.135074,0.7438753
0.0451565,0.09536957,6.2195144,5.758824,0.86281836
0.012451342,0.20906796,3.752003,7.576769,0.9657688
0.012031884,0.2530189,3.1232371,3.6342144,0.8615359
0.0062655895,0.21527457,4.5822744,4.9986925,1.0960584
0.030333819,0.1314827,4.3452654,6.528584,0.90494025
0.011169297,0.29972547,5.123427,6.0125365,1.0515273
0.032508425,0.17419401,4.9242334,7.048327,0.9934279
0.0050733727,0.18064612,6.7602262,6.59616,0.8878111
0.034824762,0.13396454,5.1481056,4.1588335,0.95861757
0.017368535,0.29865795,5.0181565,5.954858,0.8916618
0.0053403364,0.37196112,6.7227564,6.142993,0.8196134
0.0037412716,0.19470617,5.390208,3.5049443,1.0161579
0.025092043,0.2526841,4.4790235,3.7731688,0.99947345
0.021212537,0.16687292,4.8567667,7.842549,0.891096
0.04698479,0.087980375,3.2999294,2.809855,1.0840878
0.0097643435,0.10551428,4.2729983,3.7690356,0.9765899
0.029563583,0.06528682,4.1742616,6.501465,0.96914136
0.0069872253,0.18112521,6.3241887,1.6996654,0.9410418
0.019166851,0.13462135,4.688564,6.146273,0.8823451
0.0034909935,0.20312907,3.4907236,3.6058679,0.9877337
0.013873854,0.26436448,3.5978668,8.245924,1.0747519
0.004236978,0.13940968,3.2346816,6.1344843,1.0585154
0.022360712,0.21611607,3.3746154,6.496845,0.9470415
0.05505966,0.17192812,5.488584,4.9870095,0.8503956
0.011452267,0.1815104,6.372472,7.4884486,0.95031744
0.01732973,0.2138081,5.559773,7.324962,0.8949035
0.0062056393,0.24446796,5.1087413,5.632876,0.90555197
0.011689255,0.22089544,4.26742,3.8211973,1.0185152
0.01434298,0.26692098,6.990898,8.24695,0.83988345
0.0004364348,0.2506079,5.6671696,4.144796,0.90392977
0.00017276959,0.18395083,3.8440022,6.3763194,0.8344318
0.0028321214,0.18799493,6.2434716,7.2601385,0.80068403
0.0050952965,0.22426605,6.595958,3.8368745,0.89669764
0.013571386,0.34938687,5.257057,3.9610338,1.0045093
0.002951052,0.3171751,4.3763304,6.742336,0.91811514
0.031806,0.118770376,6.2418146,7.923699,0.9481445
0.0028063175,0.18965366,4.833052,4.7168527,0.8700772
0.008542443,0.08589579,1.5029922,5.1468244,0.96284163
0.018808313,0.22069281,5.02306,6.0756564,1.0210361
0.0025851415,0.27434078,6.9520082,7.9235897,0.88411325
0.00065799896,0.2503353,5.2647166,6.533722,0.91214424
0.00478012,0.1870148,4.6727214,5.4382925,0.9150653
0.010668062,0.12946713,2.3929632,4.253481,0.994339
0.02042571,0.04098849,5.4342666,6.1908875,1.0010498
0.010488307,0.1616501,2.4144335,7.8912277,1.0514375
0.049320236,0.18637547,4.796115,4.623985,0.8960167
0.0029639541,0.31916732,2.4678586,4.0764136,1.0294048
0.012886419,0.10908764,5.393443,3.8316588,0.9582881
0.024301143,0.09755387,1.6083322,3.7937787,0.97579324
0.017928459,0.28474927,5.4790883,5.3819423,0.9223214
0.0044157617,0.16215743,2.435439,3.6724927,0.92213094
0.0150837265,0.20093758,3.1004705,3.9412777,0.954399
0.009684507,0.23878558,7.453393,6.40873,0.78124356
0.008486664,0.22822864,3.2330155,7.864681,0.91287655
0.0011580704,0.21318755,4.477034,7.5141883,0.98507434
0.017428387,0.1463181,4.554313,4.3505516,0.8661347
0.02422121,0.12852138,5.6537437,5.110402,0.6932163
0.011539088,0.22019075,5.3578424,2.1714828,0.95279735
0.005667929,0.24199401,8.659676,7.105765,0.9455056
0.005561997,0.21694358,6.288558,7.3390317,0.9438663
0.0062134,0.12806812,3.7313554,5.3512444,1.177727
0.012318346,0.23965101,7.55988,4.793,0.9251623
0.0024661138,0.30659422,7.0474453,5.415121,0.9247725
0.00089780043,0.20310405,5.489085,4.243849,0.77987003
0.0014604414,0.22565149,4.821919,6.212758,0.93279177
0.014029162,0.13550223,4.2252865,6.47067,0.9200573
0.00026453828,0.17732029,4.759378,5.9473314,0.80368525
0.0038891104,0.2740602,6.892141,5.913459,0.90486556
0.015741143,0.17629127,4.5308886,5.1506696,0.99766695
0.0005591487,0.15165283,6.170009,7.398173,0.8756035
0.0029065257,0.1869131,6.4482965,5.3366303,0.920891
0.011513672,0.11361999,1.930225,6.1317286,0.98463863
0.0035424072,0.15687934,2.567013,5.4818926,0.87566584
0.033491883,0.1490927,3.0689335,8.883633,0.8956023
0.0099545745,0.16074339,4.2480307,4.162361,0.9760761
0.0025890216,0.18774536,6.191769,5.2532744,0.9583271
0.0016639623,0.22727752,4.517208,5.519477,0.9435341
0.013155905,0.15375638,5.6610155,4.3401628,0.8684714
0.013345845,0.34750956,5.8892956,8.72917,0.91074055
0.04629352,0.25981972,7.0110645,8.115259,0.80639327
0.0062605455,0.054061126,3.4004254,7.5042305,1.0625333
0.030328387,0.10687407,6.8004036,4.9122376,0.96847755
0.015013494,0.24065828,5.1300735,4.620481,0.74741495
0.00284027,0.23960765,3.713566,3.1080248,1.0767057
0.0004883336,0.2994686,6.9284196,2.233852,0.867089
0.016201248,0.28754252,5.348142,7.069332,0.9116524
0.0019524613,0.29816946,6.7075152,7.7628145,1.0045565
0.020643396,0.31133702,3.6757317,6.052946,0.94062877
0.021791378,0.24664675,6.1907783,5.557659,0.98481536
0.019795263,0.24358733,6.1869235,9.589462,0.93065506
0.0057713385,0.30658937,6.5029283,4.937073,1.0237126
0.0063916016,0.191616,5.5391703,4.218498,0.8400821
0.0036812243,0.27561912,6.9178805,4.7468076,0.86407614
0.003816646,0.29748744,6.2091265,5.0619545,0.8327801
0.0069358116,0.08743057,4.6172805,5.541947,0.84675795
0.02262816,0.17104837,4.2108045,5.7464576,0.92471015
0.02911221,0.19932072,3.5958319,3.9830136,1.0249691
0.004570682,0.25037026,3.8646066,6.724955,0.97331196
0.017295778,0.05491951,4.1957774,4.816961,0.88958544
0.010309911,0.17266728,5.819663,2.3944104,0.81106055
0.0016928704,0.21074045,4.687016,7.2696223,0.9359635
0.0021770326,0.20004006,4.629642,5.4313745,1.0841378
0.001248578,0.2624631,4.8007746,3.464383,0.9891463
0.017074602,0.13381547,4.953829,8.258871,0.94734293
0.00903097,0.021642406,3.2888293,2.6232262,1.0521197
0.0004915348,0.24804883,5.07592,6.101597,0.9956522
0.015523168,0.14524083,3.5844455,3.9369888,0.9075242
0.018782703,0.28302568,5.188755,5.72592,0.9949987
0.03218675,0.16427842,6.564407,5.5841937,0.9129738
0.015445854,0.15493809,4.7025623,5.945208,0.91650254
0.007008373,0.32419413,6.189681,5.9883657,1.0842406
0.0060565392,0.1947803,6.6350265,8.428405,0.7951399
0.020418825,0.14874502,5.5107565,7.366052,0.9947644
0.015145229,0.29908428,5.600419,5.208113,0.94911176
0.016872052,0.102671735,4.773214,9.24746,0.8826986
0.025744706,0.10626763,3.5794396,2.7921307,0.9919228
0.018971285,0.25594652,5.5555687,4.4467278,0.7856567
0.012831804,0.14788067,5.6835127,3.9474144,0.98295957
0.00066217023,0.24184768,5.851378,3.3725135,0.9100966
0.009320148,0.048754383,4.3353386,4.2479863,0.8488816
0.041180763,0.2864059,4.527449,0.39706483,1.0533994
0.025107758,0.1763757,4.1951118,7.9675756,0.85646725
0.0083234,0.15681744,4.9703846,4.6578307,0.88065165
0.0006190021,0.19148481,3.3885887,4.2191825,0.9126868
0.034695745,0.19066758,5.402064,4.0209193,1.0411603
0.017177042,0.101809874,5.01461,4.909425,0.9773613
0.0013649865,0.21559615,5.9999976,2.5254097,1.0207869
0.022451704,0.37718332,7.8337255,3.6031146,0.856496
0.014658641,0.095742494,1.8136109,4.4042788,0.90456206
0.03816384,0.08249726,4.3746896,6.7225065,0.9496536
0.00886373,0.14916569,4.562697,6.7407804,0.8566234
0.016257511,0.12188663,5.1743064,4.2562976,0.95501214
0.019499876,0.3095659,6.8594065,6.6119924,0.8049039
0.030924108,0.13787991,6.8948207,4.2898026,0.97334003
0.040116984,0.25709307,6.779821,8.361914,0.9039654
0.010587255,0.15125564,4.366962,6.176249,0.9603165
0.0018339186,0.17541693,3.786291,3.9620306,0.93114007
0.0009537735,0.19603267,2.0328262,5.4184527,0.94984955
0.04370867,0.000602816,5.565728,4.571429,0.93164974
0.05021028,0.27730992,7.080532,4.3847423,0.9770982
0.0124606555,0.09947262,5.363662,5.42286,0.8938478
0.0032007482,0.22379488,4.5608935,8.060986,0.83370566
0.042911176,0.090164386,3.120221,4.398428,0.96146125
0.001974773,0.17468192,7.239982,6.2632265,0.74825555
0.0006941826,0.13203958,3.9029174,4.4343147,1.059206
0.0004966762,0.025296725,5.9818783,4.2746754,0.7840496
0.01683839,0.22275794,3.3460526,5.3377895,0.9397622
0.013947095,0.15612726,3.9373386,5.219131,0.90507656
0.006393445,0.12449307,4.2762485,5.09431,0.9014143
0.018572003,0.21513775,6.8435416,7.453317,0.8233682
0.029724227,0.13888727,4.9024754,4.8709936,0.86389387
0.020955078,0.13981912,5.684083,4.8798456,0.9573598
0.017628416,0.21492699,5.823144,4.272049,1.0372967
0.0019038607,0.21608661,3.5679111,3.600889,0.9908281
0.00094058056,0.15336247,5.8211823,8.245275,0.97009426
0.011358655,0.27979186,7.552466,5.878487,0.8785362
0.0022585187,0.16986458,4.4425325,6.045785,0.9511964
0.0014494796,0.16424687,4.5883346,5.6511207,1.0630403
0.014772915,0.08001989,4.179406,2.8898335,1.071902
0.013726598,0.21854217,5.072402,6.1586356,0.8728811
0.0074433526,0.3065733,5.5598927,7.7668056,0.6871529
0.056835957,0.033531066,3.872967,7.1325574,0.9237566
0.008075936,0.1660437,6.0733123,6.486408,0.91445905
0.019005917,0.25321206,6.895713,4.7497234,0.7942644
0.04584331,0.14213175,3.00312,3.700483,0.78944844
0.0063978103,0.18324836,5.05808,7.1852074,1.0282464
0.0191685,0.12955138,6.3939047,4.5362697,0.8263023
0.00115225,0.17550427,6.6566634,8.083609,0.841992
0.016821511,0.11540996,5.0559654,5.2138996,0.79596883
0.010364624,0.1829986,2.5400496,1.540533,0.9254014
0.0113470135,0.1263062,5.390235,5.7155485,0.99615914
0.012554073,0.23203965,6.1326017,6.96017,0.93071944
0.026988821,0.28957668,4.7240453,3.9802012,0.9625491
0.012937154,0.21346806,4.2938294,5.605817,0.95428115
0.0060853506,0.277373,6.4448915,2.299245,0.8935409
0.0032312085,0.25838456,5.628922,8.380909,1.0290034
0.021770133,0.1847719,5.013823,3.6808362,0.90034217
0.009034172,0.11439965,4.661412,6.5997806,1.0303522
0.0065176142,0.19930159,4.0806913,4.452463,0.94225025
0.0039609927,0.20123658,7.203437,4.1822534,0.8820485
0.004965889,0.19727843,4.8304358,6.1166024,0.7921483
0.0031498196,0.17845589,3.2819877,7.566273,1.077453
0.02022025,0.13583934,5.311235,4.9557977,1.0303557
0.011652392,0.1367735,3.075215,3.7579803,0.8006751
0.016631182,0.15276082,2.9353795,7.7793965,0.82411695
0.017627155,0.11485862,4.653299,6.2589216,1.095446
0.0013782765,0.21959792,4.0758595,5.776243,1.0701476
0.008913203,0.19720578,5.069313,4.77941,0.98034674
0.015854932,0.16811839,4.5930147,6.3859296,0.96733075
0.011620671,0.25854793,3.1896968,7.3087096,0.9200628
0.013468267,0.06778717,3.4970098,5.7450438,0.92581993
0.015895385,0.20651641,5.3556204,2.5573957,1.0243237
0.0008428944,0.09976916,5.758155,5.5912437,0.9831055
0.0018901827,0.17253375,5.566642,7.682201,1.0492494
0.038677882,0.12562546,3.4133794,5.270918,0.94470483
0.0093895085,0.25001743,6.446027,6.0767064,0.8893217
0.006916313,0.15092921,3.6337352,4.213301,0.9898868
0.0015666642,0.27239612,6.3213744,2.7422342,1.0035365
0.006996053,0.24659932,3.9788313,8.210324,0.9163354
0.043504857,0.13330735,4.735092,3.9684343,0.8618963
0.013805755,0.093520954,4.207978,4.643949,0.8509546
0.0069133057,0.2685577,7.570232,5.505817,0.84633666
0.00033913672,0.21224743,4.5944686,5.2417064,0.92317224
0.015386679,0.122681476,5.169351,3.9325757,0.9078072
0.022980588,0.24217378,5.7688923,7.6737266,0.8959852
0.020218698,0.25566852,4.709477,5.4513407,0.85338515
0.0030679456,0.20708549,3.2835577,7.0194554,0.8345284
0.023820668,0.035977304,5.8907766,3.5301712,0.74363893
0.015358256,0.29906207,5.3014617,6.320172,1.0562027
0.01297033,0.058195524,4.2645793,3.9680676,0.89067876
0.0036934472,0.2122587,6.150964,6.332356,0.9232174
0.0010333193,0.12776287,3.8418214,4.8719893,1.0189989
0.01630068,0.09048083,1.4295204,6.2461643,0.964944
0.010624796,0.18881121,6.171278,8.039148,0.836452
0.012625179,0.13361938,4.9636908,2.160629,0.9689687
0.0060601286,0.25249386,6.972294,4.7298427,0.92215216
0.024394369,0.1710341,6.1682653,8.015786,0.9019527
0.01324292,0.23142135,5.446845,8.228855,0.96481526
0.0133246975,0.116167895,4.258254,3.9532487,1.0439882
0.014130049,0.30943182,5.4150014,4.1705766,0.9307907
0.014753611,0.24043033,2.7781632,5.699344,1.0285265
0.029108815,0.262841,4.48828,9.526124,0.8519534
0.014908143,0.20773718,4.999111,3.748837,0.9181645
0.0053445073,0.22528604,3.8813386,7.5822034,0.7918544
0.0006982569,0.21568863,3.1621678,3.1497686,1.0623353
0.0028700512,0.1781576,3.4605527,3.5198967,0.9339577
0.036898676,0.20699553,9.508423,8.559055,0.81897837
0.009368748,0.16293932,3.9715276,4.5910997,1.0561081
0.025107855,0.24521598,3.175761,3.8853564,1.0835322
0.009150192,0.30782065,9.000981,4.6076922,0.8819122
0.018034002,0.25724372,5.9505396,9.293714,1.0106453
0.0021040833,0.1541115,4.929172,5.7613997,1.0379632
0.03646263,0.14237261,3.824819,5.9586816,0.97778744
0.0057414602,0.29679996,5.6203337,6.039762,1.040578
0.001632241,0.20949353,4.441941,4.3451395,0.9266037
0.004786232,0.25472787,4.765717,8.953534,0.90252405
0.015256108,0.19157758,4.1432166,6.6278143,0.9151708
0.0084952,0.29196063,6.9794416,8.069135,0.83374125
0.016351996,0.06370494,4.329338,6.689884,1.0635424
0.009509215,0.1655935,3.603194,2.4362926,0.93705827
0.003760867,0.19483319,4.367341,7.890976,0.95230687
0.027213296,0.21018158,6.284905,3.3116953,0.9715671
0.025371326,0.16878226,3.0817947,6.57721,1.0225228
0.01160253,0.25432932,7.2725067,7.536103,0.8512868
0.00044923974,0.15022114,1.5490049,1.1504728,0.9960756
0.026890166,0.048754677,2.6335776,6.799215,0.9740744
0.027717054,0.20539582,4.6071234,4.594127,0.8309072
0.0041395826,0.14191799,4.4316134,5.1066346,0.8618778
0.020277,0.18383671,5.125425,7.063403,0.9590731
0.0014885735,0.118210584,6.283164,6.2252316,0.81478584
0.015532675,0.21182524,2.246419,5.4172416,0.95849425
0.02754186,0.17050244,4.8845224,6.997989,1.0214027
0.010923966,0.26448122,6.200188,2.6197207,1.0129032
0.011075394,0.22410789,6.284767,2.2323601,0.9702018
0.021466209,0.21597601,6.6649237,4.6133456,1.049855
0.022768142,0.17072248,3.8643363,2.4132943,1.0278312
0.004307308,0.2474497,6.0815163,8.315219,0.93801117
0.0140085,0.19266143,5.3277874,5.214288,0.8516705
0.0356241,0.11595026,3.4753864,2.6284394,0.996427
0.007050571,0.046324316,3.4389727,2.8351264,1.0418981
0.0002812235,0.25699833,5.3781915,4.587053,1.0825498
0.039535522,0.0939695,5.5401983,7.486189,0.92175144
0.0047144466,0.22646295,6.5973077,8.663435,0.82264066
0.007958751,0.1388029,5.21036,7.7650576,0.874343
0.0021105828,0.30626085,6.135205,4.481143,1.0398272
0.02384686,0.2509138,6.854933,4.314497,0.8948583
0.0036728818,0.22637512,5.63927,6.1446238,0.96278477
0.0022468776,0.22300519,3.6207142,5.01203,0.94150084
0.025934162,0.104793444,6.207168,4.248955,0.9499544
0.014072137,0.13032514,4.750176,6.618586,0.8870864
0.02535629,0.22658332,5.0071397,6.013937,0.9775031
0.013512697,0.16181587,2.5837476,2.846832,1.0303577
0.032897912,0.07823698,4.153045,4.9543962,1.0495564
0.024117608,0.23681246,5.640619,6.1054306,0.95300215
1.7364266e-05,0.18128453,3.2452228,4.8031297,0.9708773
0.0511495,0.2541965,7.204122,8.653311,0.8105317
0.024535902,0.116324686,4.3483253,6.5143857,0.9640521
0.0054809963,0.13443679,4.7843194,6.741272,0.8277313
0.000986756,0.099556945,4.1065016,6.9597025,0.9232503
0.019185476,0.36704797,6.712753,4.6778507,0.8194538
0.0072218855,0.16450043,4.8575525,6.817486,0.78212047
0.0059759268,0.1823817,3.846812,4.5380692,1.0144693
0.023885565,0.19950518,3.4499512,6.94175,0.99630785
0.004833862,0.2160888,5.1603827,5.48188,0.90058327
0.0097055575,0.12493946,7.1315556,6.34275,0.91241896
0.0165269,0.061518148,4.2973323,4.336264,0.8664512
0.0059600174,0.17906138,3.423984,4.900874,0.9843872
0.002225245,0.14112882,4.12228,4.8474813,1.0830663
0.026230615,0.22966708,6.1835656,4.895191,0.85410243
0.0037011108,0.26645356,4.5121336,6.984362,0.9365164
0.008587842,0.30687943,5.940859,5.681282,0.8824417
0.0010814348,0.1685237,3.682498,6.4497743,0.9580908
0.0021153362,0.23041336,6.6400695,6.1724696,0.9125423
0.0042028315,0.09876335,4.108293,5.2189035,0.95289326
0.0018383809,0.30014545,4.993341,5.061786,0.97032446
0.0036619199,0.18842591,4.264114,4.931949,0.9749116
0.010560384,0.28078425,6.010472,5.558818,1.1092868
0.014609265,0.2550535,4.8375793,7.0571394,0.8119723
0.0018728185,0.060586743,1.5109679,6.965674,1.0642993
0.016636325,0.15083644,5.5180926,4.8531036,0.9342399
0.022977386,0.10162425,4.502033,7.2592535,0.7588026
0.0035778147,0.21915168,6.197585,6.354306,0.82753193
0.013911978,0.19837861,8.688396,5.4608426,0.93521136
0.002538093,0.23115838,5.1300907,7.7274384,0.9096178
0.015408118,0.2702613,7.468897,5.100844,0.92910683
0.015539369,0.19369209,6.5608816,8.357294,0.82779294
0.020616136,0.17225847,5.168965,2.3008559,0.9836542
0.0069492953,0.080624685,3.2337239,4.70534,0.8738388
0.015048707,0.27253744,4.62594,3.3410535,0.93133324
0.00794585,0.14143981,4.2697473,4.691494,0.96313137
0.0011068507,0.19916858,5.4260902,5.6464806,0.8643604
0.04680048,0.17880146,4.419208,5.6956344,0.940315
0.02915916,0.123779185,5.1884284,5.020959,0.8321355
0.015655583,0.09758051,2.2316616,6.388873,0.8233298
0.0011285803,0.26111045,7.877536,9.284382,0.8854854
0.004366482,0.13315879,6.5196795,5.127497,0.8568652
0.015851926,0.19216332,4.955078,5.400135,0.9833343
0.027786413,0.01839595,3.549687,5.6622744,0.90960336
0.00220953,0.1259869,2.7281644,9.020999,0.91252583
0.00196158,0.2295985,4.1376605,4.189711,0.9397985
0.0074276375,0.1396205,5.9380627,6.091197,0.94010603
0.002073138,0.12725706,4.75017,3.5518901,0.86904687
0.0024518536,0.16616413,5.7277365,5.566326,0.8402301
0.011895686,0.14404383,4.6855154,3.453796,0.9548361
0.0026164746,0.1418186,5.108714,5.2396035,0.9960112
0.04215937,0.19567193,7.381997,4.677341,0.88620746
0.03492885,0.16505277,6.368973,6.5515976,0.85417503
0.01338067,0.15429819,4.5504994,6.8946447,0.8435855
0.021224564,0.12921068,5.1053066,4.8961163,0.73085517
0.04010835,0.2651305,10.367233,6.568793,0.8340399
0.043435596,0.19933933,6.961043,5.3124523,0.83186764
0.0008715115,0.25920895,4.8044696,4.5734563,0.9105748
0.026491273,0.13719822,3.7343364,2.840664,1.0376384
0.004391219,0.12081775,3.3199773,3.5476587,0.97178495
0.0027367636,0.24093914,3.9096472,3.8056872,1.041633
0.011631924,0.22849412,4.1030693,3.4441752,1.0374411
0.0005966905,0.28497064,5.780207,5.6980085,0.76632726
0.0016962657,0.22564347,4.737073,3.1902916,0.9986904
0.009590313,0.40743858,6.9531174,3.2042208,0.88767415
0.028132342,0.20629328,4.7792,5.4019985,0.983037
0.0033364613,0.26913437,5.7222238,4.645052,0.93138325
0.003717505,0.16413523,2.913921,4.8227715,1.1213123
0.0071835676,0.34917372,4.0357504,7.166311,0.9613831
0.027739268,0.22339429,5.2566915,6.0231624,0.8511964
0.010809401,0.24198589,6.646139,3.0617132,0.9087861
0.02616756,0.27156335,3.0539987,3.1353471,0.99019647
0.0042455145,0.13772641,4.515609,6.064886,1.0789156
0.01094298,0.18849598,5.7417893,6.507377,0.9687762
0.0066054054,0.21475446,4.4223914,6.23913,0.8513423
0.022231013,0.19789626,4.688978,11.970495,0.9807071
0.003320649,0.2661029,7.1396704,7.1805005,0.9056972
0.0074294806,0.19915666,3.0666847,6.9513083,0.8106036
0.010461533,0.29962894,4.242565,4.2916026,0.95388454
0.01011483,0.1281517,4.5434537,7.6397834,0.9696887
0.011248261,0.21318403,5.390746,3.8418007,0.998872
0.0012163717,0.18407609,6.483161,6.0698023,0.93268764
0.0010663987,0.14520685,6.8540215,5.784543,0.83491063
0.018652422,0.20241544,3.597159,3.01337,0.838029
0.004309442,0.20884685,6.796341,5.972867,0.9267955
0.005776577,0.23494829,5.7067738,6.6856394,0.95084906
0.018193094,0.22412263,5.491152,2.7602303,1.015244
0.0016917062,0.23153652,6.141077,7.7165694,0.94916314
0.009226536,0.28496602,5.9230165,7.3858366,0.9027337
0.01918247,0.16492799,5.035406,3.8104177,0.938875
0.014506922,0.24964984,5.373208,4.2409077,0.84184337
0.01625625,0.11505625,4.470348,5.501797,1.0549614
0.0067384993,0.19009003,3.5763693,7.674774,1.0269921
0.0005745729,0.23286478,3.5928202,4.561188,1.0138692
0.00037638744,0.10525308,3.6455038,3.3387933,0.90743244
0.0051006316,0.14416142,5.515818,6.949119,0.9269147
0.01613703,0.3216284,3.9802568,3.148984,1.1542318
0.006626262,0.2738006,6.635485,5.9195094,0.8342489
0.011457893,0.24615383,7.4764175,5.443473,0.9551169
0.0019857348,0.15288351,4.1557126,5.7429996,0.8359054
0.02785073,0.17479996,5.0618887,5.375129,0.87548226
0.01644299,0.07781745,5.315759,7.0769935,0.9910048
0.013532098,0.1663706,5.8758345,5.6700687,0.84822875
0.023286935,0.151146,6.763759,5.1837573,0.8343578
0.0026922373,0.3206168,6.9443555,3.5709288,0.8760851
0.0029436795,0.1957443,4.1454773,4.220505,0.99530077
0.009459935,0.13218601,2.828178,2.0409155,0.89848703
0.031328045,0.13832949,6.938062,5.3973713,0.8402643
0.0025864996,0.23554623,5.381191,8.919446,0.89058834
0.00050686195,0.16075721,6.257959,5.2796717,0.80679196
0.0054940926,0.22997981,3.8369749,7.7966413,1.0783087
0.0025124832,0.16861643,3.4000008,5.296586,0.9724433
0.029916398,0.29281655,7.341076,5.102906,0.820791
0.0048809107,0.30773142,7.382843,5.573011,0.91063094
0.022277867,0.19564724,5.662227,7.568289,1.0420508
0.008833852,0.25807005,6.5956388,3.6024735,0.91070426
0.004895074,0.20616516,4.2541356,6.7197,0.8934101
0.0061778952,0.120957896,4.4392776,3.7853827,0.8425983
0.007977085,0.13103807,3.8021495,7.4768043,0.9659086
0.01167354,0.19967756,5.6967096,5.890012,0.8842537
0.025006773,0.17304145,5.629727,4.949302,0.8727756
0.006862571,0.08275272,4.4077663,7.498259,0.9549169
0.011017966,0.13677514,5.463252,5.7595716,1.0772414
0.0153643675,0.25903958,4.94173,8.096295,0.85775715
0.007287947,0.341091,3.358266,6.2635264,1.1288437
0.01107423,0.31067303,5.545064,3.2165325,0.9200093
0.03305002,0.18610227,6.890352,9.397306,0.8940513
0.0073309215,0.19369642,6.276518,5.638221,0.9163162
0.015076548,0.33311507,6.5318856,4.6000304,0.9638281
0.044563495,0.18642467,6.744794,5.920306,1.0212328
0.018855846,0.23518,5.2612514,6.906297,0.9187701
0.00416723,0.24130812,6.6996403,5.671048,0.84755605
0.00024911415,0.066071495,3.8493857,4.1925807,0.99390125
0.025301967,0.13701297,3.9143903,4.7632346,1.0229673
0.03827288,0.21473731,5.3210435,4.086489,0.9736332
0.0010949188,0.147271,3.7656233,6.3095727,0.90403664
0.004968508,0.2064078,4.9623384,4.961438,0.853727
0.008682812,0.19760396,7.3452325,10.466688,0.6962093
0.014176807,0.21699324,6.302036,3.8644013,0.8968449
0.0045626303,0.19340944,5.626511,5.6121974,0.84562695
0.0052901837,0.22928068,5.596765,5.6451044,0.9043751
0.016528452,0.17904155,4.157578,5.8496304,0.8987898
0.0023267146,0.24599817,3.8182857,4.3007646,0.8733305
0.02878617,0.15532175,6.356877,5.9678745,0.83124906
0.0013497564,0.24486744,4.947239,6.663137,0.92464095
0.0040120184,0.1937471,4.3231,7.848464,0.8316272
0.009474486,0.20303817,5.53823,5.073975,0.97866565
0.03343504,0.17007709,6.321311,4.4101086,0.89205027
0.0014160122,0.2159792,6.959283,6.059071,1.0355237
0.018416986,0.18611215,4.4455457,6.41106,0.88837016
0.035680365,0.26745892,4.038003,7.260373,0.9833658
0.0074840956,0.15683025,7.081631,7.738933,0.7114524
0.002936889,0.1260263,4.8576255,6.833256,1.1661072
0.010473077,0.21361874,5.1485543,5.7776575,0.77024025
0.007884444,0.25776213,6.3662286,4.5823345,0.9410583
0.004770808,0.16502745,5.8727694,5.5902925,1.1403362
0.008772155,0.13425614,4.9458117,4.1423283,1.0108241
0.0032713695,0.25718582,4.4928975,4.5074368,1.1295328
0.010682419,0.20393448,6.650963,2.3794112,0.89682716
0.0025060805,0.3192105,7.1946373,5.738414,0.8985329
0.0037660084,0.1947035,3.991565,9.476833,1.0280648
0.007793936,0.25393993,3.999516,5.2570415,0.88931006
0.020006835,0.24051563,4.038915,3.4264708,0.8370172
0.0033838006,0.2767136,4.2583556,4.086708,0.95061475
0.0008133073,0.30826646,6.301056,4.6143208,0.69714713
0.0035318334,0.2962094,6.3929057,6.013801,0.8489529
0.018636901,0.19554788,2.403236,4.450325,1.0560465
0.005840893,0.19165748,5.4403467,8.249969,1.0332891
0.007112752,0.23289269,5.328339,6.4503713,0.962162
0.011969509,0.16648409,4.722046,6.429378,0.94963306
0.0066347984,0.28701016,5.4446845,6.938087,1.0179371
0.0077034286,0.14859638,4.7367873,4.8790383,0.86637175
0.006556999,0.17681178,5.1687202,7.111411,1.0454466
0.00021331855,0.22990155,6.0206532,5.2337875,0.9489672
0.0076230094,0.17412263,6.898839,5.8354263,0.864694
0.009086846,0.15400383,5.0422435,7.150094,0.9466394
0.014687356,0.2607144,5.594066,5.3589716,0.97872865
0.012957429,0.23832273,5.1983604,5.466287,0.9418228
0.007948662,0.32076257,6.2207575,4.74861,0.95533
0.017401516,0.25649995,5.334683,5.4817624,1.0150235
0.025100967,0.20631132,6.0983896,7.305961,0.8768537
0.005472751,0.3082021,6.2256503,7.6581473,0.6683441
0.00041092196,0.39461023,6.0443625,6.005424,0.88404197
0.007298812,0.25944725,4.2894855,7.340197,0.9242704
0.008861693,0.16930947,5.655763,5.3467526,0.8634767
0.0046486757,0.1255828,3.7003582,5.0943656,0.9975991
0.0019856377,0.083997935,4.1628246,7.3239822,0.80715436
0.0022139924,0.051014706,6.231639,5.4266553,0.7456804
0.009776664,0.10997332,4.292084,3.976393,0.86500436
0.015919441,0.10360113,5.659058,6.1414747,1.0495981
0.00775038,0.18896036,3.383756,5.7146244,1.0114756
0.0097359205,0.14900205,2.2474575,3.4262636,0.99589884
0.0038610755,0.090476364,0.7782373,6.025987,1.079126
0.016644668,0.0690434,3.4355748,7.246912,0.8332782
0.0044516544,0.109890275,2.2605093,7.30227,1.002128
0.011944383,0.14039457,4.4891944,5.389013,1.0131416
2.7453001e-05,0.05411666,4.673398,6.748644,1.0759103
0.012439992,0.1924935,5.6555996,7.8424892,0.99266404
0.020135855,0.2741926,6.608457,6.1812096,1.0480472
0.00017674688,0.18027437,3.364962,5.7293935,1.1137418
0.012431941,0.034059983,4.1214113,5.7320175,0.77673185
0.007658805,0.090426646,5.8149104,5.8374434,0.8116421
0.013832917,0.14120364,5.899036,6.3139853,0.95447165
0.025764301,0.23394145,3.993501,7.486097,0.9171917
0.0068373494,0.24270514,6.288314,6.1531024,0.85934305
0.0029977125,0.12759429,3.7673304,5.7381387,0.9112879
0.0039972733,0.16389415,5.483271,4.936593,1.0508813
0.018692002,0.13177785,3.3978276,3.5695972,0.85202396
0.047474388,0.1454848,4.7563186,2.7933092,0.89585435
0.041615255,0.053532425,5.007853,6.2428465,0.92105335
0.0011369229,0.100539275,5.658819,3.5757933,0.936204
0.00851043,0.20141101,5.8123074,6.0725846,0.8834556
0.0021872185,0.07762472,5.2347116,6.887285,0.8935149
0.0029613348,0.2745735,4.7239485,5.6624312,0.80743384
0.039519127,0.17743823,4.2891917,5.582281,0.98632866
0.010630714,0.104967214,5.400997,5.240912,0.9652982
0.0022028366,0.19424245,3.4842103,4.4736934,0.9969737
0.0047930223,0.21496291,2.7759492,5.9343815,0.99631464
0.013390856,0.120842956,7.089344,8.448966,1.0129895
0.018370327,0.17410247,4.232626,5.290074,0.896747
0.0009356332,0.40369955,7.026554,5.3542,0.87767166
0.011910916,0.19336043,5.5719557,2.879513,1.0101424
0.0131660905,0.3167778,7.768739,4.38417,0.9165937
0.00075112574,0.20270143,5.607094,5.8660464,1.0102404
0.022234699,0.15913841,5.9213743,4.538658,0.8098343
0.008414005,0.2665916,4.522667,3.650935,0.9814216
0.007534927,0.29553124,7.265646,4.5824804,0.83668697
0.009083548,0.18447766,5.6906724,3.3865623,0.9532604
0.0015376591,0.12718573,5.575043,6.0232015,1.1465756
0.0022592947,0.23799805,4.8014946,5.0915265,0.9155551
0.023452235,0.009627313,4.571863,7.5054836,0.95432025
0.005992321,0.08869352,0.8009246,4.378569,1.0585401
0.0055390066,0.17788886,5.0475864,5.109843,1.1064247
0.00031517597,0.11024228,4.2456594,4.4380684,0.93141687
0.013201886,0.09844771,4.964055,3.0508647,0.85934925
0.029733734,0.2877363,6.462314,8.51665,0.7250151
0.015793916,0.17539857,4.881103,6.2090626,0.9854415
0.046651475,0.14538348,5.559785,3.8240304,0.9562082
0.0069382368,0.17237616,4.401015,2.6589642,0.95834905
0.0032849505,0.26437068,5.1834826,7.8365045,0.8038455
0.012723932,0.13090162,6.247032,9.01936,0.8656106
0.038907595,0.23667425,7.2228007,2.7112725,0.9771633
0.006914858,0.13139926,4.618882,7.5115423,0.85400033
0.018019354,0.26007906,7.914579,4.4116416,0.8877687
0.008049453,0.23951471,4.7829595,8.192058,1.0041058
0.007694698,0.15198408,5.6614213,5.3882384,0.91730815
0.0058212974,0.19115235,4.9654,7.7102327,1.0562246
0.01904307,0.18040526,6.0643373,8.491728,0.9589861
0.00027811926,0.18894072,6.6373663,6.6598077,0.9803392
0.0077264193,0.14151049,5.3492417,5.111347,0.9589135
0.0044093593,0.19654484,3.2748358,4.8647323,0.95149577
0.01628671,0.27328086,4.3819637,4.098502,0.94654965
0.026160963,0.19233876,5.7636843,5.9858685,1.0101788
0.015535876,0.2058357,5.7191525,6.177097,1.008301
0.009620967,0.085620396,5.4220214,4.5304236,0.8682885
0.009247684,0.23317233,7.0723267,4.5656195,0.9779285
0.007260688,0.309678,6.235027,7.988969,0.9420112
0.03679769,0.20995735,4.516163,6.0374055,0.86830634
0.022926554,0.26303974,6.1377926,4.8823214,0.929287
0.019614441,0.10970933,5.2231255,5.2623816,0.85981166
0.0037527184,0.2122436,6.195146,5.2557945,0.97409153
0.017302182,0.20737018,6.8731546,5.5172734,1.0073961
0.01583136,0.25629893,4.810527,7.993692,0.93085784
0.000107289816,0.24076426,6.235339,6.286927,0.9635746
0.0021881885,0.06724165,2.7744284,5.0098495,0.96174896
0.008382575,0.20486751,5.51326,5.8550143,0.89448494
0.0063313604,0.2491151,6.0710845,5.2175155,0.8946089
0.032471176,0.13619578,4.082297,3.7749605,0.92938495
0.008286732,0.3045799,6.938414,2.8112488,0.9476916
0.02690462,0.14773445,3.953997,5.546773,1.0357189
0.0063299052,0.28356144,4.537356,7.5591884,0.8937341
0.0085173175,0.17244434,6.771482,3.947262,0.96780205
0.0103502665,0.14780246,4.0446596,2.5480697,1.0103459
0.014782616,0.20969866,3.9087687,5.8902316,1.1175623
0.0034333712,0.14492436,3.2861695,3.010927,0.84149677
0.073886886,0.03988478,5.213957,5.610213,0.9257658
0.0022234991,0.22813064,5.1010346,2.9647405,1.05168
0.014722181,0.10190192,4.4365406,6.933972,0.8788849
0.00020546098,0.26168856,6.639665,5.7491755,1.1086655
0.00053412095,0.23716809,2.9020445,0.793027,0.9970566
0.006780988,0.17033522,6.680349,4.6098256,0.89538646
0.005352462,0.16300993,4.646525,6.5067263,1.0312661
0.006778175,0.29172462,5.443058,7.550805,0.94555223
