unique_ID,water,phy,cdom,spm,wind,depth
1,0,0.07,0.36,0.18,4.37,9.77
2,0,0.5,1.09,0.04,6.56,15.97
3,0,1.02,0.03,7.3,6.49,9.75
4,0,3.81,0.03,0.71,7.6,1.05
5,0,6.07,0.02,0.06,9.01,16.15
6,0,0.82,1.12,1.04,6.86,16.27
7,0,0.01,0.67,0.11,13.01,14.85
8,0,2.82,0.88,0.58,8.46,12.47
9,0,0.18,2.07,21.98,5.28,18.34
10,0,0.06,0.15,0.03,7.08,4.11
11,0,0.89,0.02,1.65,8.58,8.03
12,0,0.24,0.6,0.95,7.95,8.06
13,0,0.46,1.1,10.07,10.72,16.75
14,0,1.87,0.03,0.08,7.93,0.57
15,0,0.05,0.11,0.07,5.32,11.22
16,0,2.8,0.05,0.07,8.74,17.02
17,0,0.08,0.14,4.2,5.15,7.36
18,0,6.69,0.07,5.92,3.99,15.86
19,0,5.82,0.16,2.6,7.78,7.71
20,0,0.09,0.14,0.37,6.64,2.77
21,0,3.86,1.64,5.34,7.09,17.23
22,0,0.54,0.76,0.37,7.05,16.22
23,0,0.02,0.47,0.54,11.72,17.03
24,0,0.13,0.49,0.84,7.44,2.51
25,0,0.03,0.3,0.18,7.15,12.85
26,0,0.34,1.36,7.35,7.33,12.93
27,0,1.22,0.51,0.67,7.1,8.97
28,0,0.9,0.34,4.92,4.62,18.7
29,0,0.66,0.03,6.82,5.83,8.26
30,0,0.06,1.5,0.29,5.49,17.09
31,0,2.05,0.05,0.1,3.26,6.48
32,0,0.26,0.02,0.2,9.3,1.68
33,0,0.02,0.43,3.33,5.88,1.28
34,0,6.38,0.05,0.35,9.33,10.41
35,0,0.03,0.03,2.15,7.17,2.48
36,0,1.02,0.02,0.02,6.55,4.14
37,0,5.9,2.24,0.09,7.01,18.71
38,0,1.12,0.07,0.21,7.81,10.39
39,0,2.67,1.03,0.38,10.36,5.79
40,0,1.24,2.49,0.09,4.83,1.11
41,0,0.01,0.01,0.96,9.19,15.93
42,0,0.05,0.04,0.19,4.07,3.38
43,0,2.11,0.59,0.01,7.05,10.19
44,0,0.15,0.02,0.18,5.37,5.71
45,0,0.59,0.44,0.18,9.01,19.27
46,0,0.03,0.97,7.55,8.23,11
47,0,1.3,0.09,22.79,12.15,3.79
48,0,0.21,0.17,8.57,8.67,3.9
49,0,0.93,0.07,0.78,11.99,11.88
50,0,5.31,2.31,0.02,10.81,13.4
51,0,0.05,1.17,1.81,5.32,18.69
52,0,0.78,0.45,0.74,5.33,17.64
53,0,2.14,0.52,0.03,7.77,5.38
54,0,0.17,0.01,0.03,4.93,4.48
55,0,1.25,0.58,0.04,4.12,17.83
56,0,2.86,1.02,0.09,5.13,15.72
57,0,0.59,0.02,2.08,6.9,1.1
58,0,0.39,0.15,0.85,4.86,11.62
59,0,0.06,1.08,4.7,6.18,2.38
60,0,0.16,0.86,3.38,4.48,1.93
61,0,0.01,0.05,2.39,9.02,14.42
62,0,0.03,0.99,0.02,7.45,2.33
63,0,0.02,0.08,24.75,8.14,10.63
64,0,2.13,0.03,4.41,6.7,2.29
65,0,4.16,0.55,0.46,8,2.29
66,0,0.02,0.03,0.11,4.43,6.29
67,0,0.63,0.08,0.03,9.01,12.41
68,0,0.07,0.04,0.06,10.49,2.72
69,0,0.66,0.05,7.06,4.62,15.59
70,0,1.6,0.52,2.24,8.22,4.61
71,0,1.42,0.16,0.02,5.96,14.41
72,0,0.02,0.18,0.15,9.91,14.26
73,0,0.01,1.73,18.91,10.21,10.04
74,0,0.7,0.43,0.34,7.31,6.94
75,0,3.16,0.07,0.19,6.67,14.53
76,0,0.7,0.01,0.25,7.73,7.45
77,0,6.82,0.02,0.41,8.12,15.75
78,0,6.72,0.12,0.23,4.49,1.17
79,0,0.49,0.3,0.25,6.42,15.43
80,0,1.32,0.02,1.52,5.19,16.69
81,0,0.52,0.13,0.77,4.12,16.19
82,0,3.68,0.07,21.06,8.32,7.15
83,0,0.07,0.03,0.01,4.68,6.11
84,0,0.02,0.05,7.8,6.98,19.59
85,0,0.77,0.02,1.63,4.75,0.42
86,0,5.56,0.12,0.04,6.94,1.59
87,0,0.11,0.06,20.17,4.99,0.76
88,0,0.28,0.16,0.06,7.13,11.37
89,0,0.02,0.04,0.12,4.9,17.19
90,0,2.24,0.06,0.4,5.98,16.45
91,0,0.51,0.05,0.55,9.67,16.33
92,0,1,1.36,0.63,5.92,15.37
93,0,0.03,0.47,0.18,5.3,0.36
94,0,0.53,0.68,1.8,4.74,2.18
95,0,0.25,0.04,0.03,10.19,4.24
96,0,0.07,0.1,0.2,7.5,9.21
97,0,0.14,0.45,0.95,7.39,14.11
98,0,0.03,2.39,5.14,6.94,9.62
99,0,0.12,1.68,0.83,7.79,12.54
100,0,0.03,0.01,0.02,6.1,6.4
101,0,0.28,0.09,0.06,7.92,8.25
102,0,5.06,0.6,9.52,8.32,10.26
103,0,1.94,0.02,0.05,3.68,7.7
104,0,0.12,0.54,0.03,5.33,8.37
105,0,1.22,0.1,0.06,5.74,2.96
106,0,0.67,0.57,0.04,3.5,1.37
107,0,2.35,1.02,4.01,7.34,16.54
108,0,0.13,0.02,0.02,7.49,17.17
109,0,0.89,0.01,2.76,11.43,6.23
110,0,3.91,0.26,5.67,5.26,12.37
111,0,0.02,0.05,0.03,12.59,2.78
112,0,0.02,0.06,0.49,9.61,12.71
113,0,0.11,0.59,0.99,6.91,18.44
114,0,0.01,1.22,0.02,3.83,17.84
115,0,0.08,0.05,19.45,7.17,12.65
116,0,0.06,0.31,15.32,3.04,5.92
117,0,0.22,0.61,4.75,4.4,17.18
118,0,0.4,1.12,0.04,4.91,1.13
119,0,0.01,1.09,0.1,7.27,10.78
120,0,0.05,0.04,2.06,4.61,4.51
121,0,0.07,0.04,2.38,9.72,19.88
122,0,0.12,0.16,0.83,2.48,5.63
123,0,0.05,2.43,0.03,9.32,3.24
124,0,0.85,0.3,5.32,8.37,2.78
125,0,0.09,0.09,1.7,5.79,15.34
126,0,2.85,1.11,0.39,4.46,19.23
127,0,6.42,0.34,0.79,7.59,1.41
128,0,1.4,0.06,0.66,12.71,6.89
129,0,0.25,0.23,0.13,3.91,17.41
130,0,5.95,0.39,4.92,6.38,9.08
131,0,1.04,0.54,0.84,4.32,3.59
132,0,0.01,0.02,0.02,6.93,12.1
133,0,1.78,0.56,0.87,3.71,0.48
134,0,6.02,2.14,0.11,5.93,8.37
135,0,0.03,1.6,3.08,6.63,15.15
136,0,3.67,0.02,0.55,3.75,6.53
137,0,0.04,1.27,0.06,4.64,18.09
138,0,0.1,0.07,0.03,8.3,7.23
139,0,0.09,0.01,3.84,4.42,6.07
140,0,0.61,0.67,0.17,4.07,12.16
141,0,0.13,0.11,0.53,5.82,9.89
142,0,0.04,0.54,0.02,3.93,10.98
143,0,0.15,0.02,0.76,5.32,14.76
144,0,0.05,0.07,0.27,8.59,9.93
145,0,0.03,0.21,0.01,5.9,0.65
146,0,0.28,0.04,10.88,6.89,11.68
147,0,3.18,0.06,1.97,6.39,10.24
148,0,0.05,0.87,1.64,7.6,8.52
149,0,0.06,0.09,4.61,5.82,14.95
150,0,0.37,0.03,0.17,13.33,8.39
151,0,0.56,0.03,0.03,6.35,13.45
152,0,0.96,0.04,0.42,4.73,10.83
153,0,5.63,1.13,0.11,6.05,11.01
154,0,0.85,0.3,0.04,6.07,16.05
155,0,5.21,0.19,1.04,6.64,2.32
156,0,1.71,0.03,2.24,8.04,17.94
157,0,0.03,1.6,4.85,8.44,18.38
158,0,0.11,0.5,1.61,6.59,18.5
159,0,1.92,0.27,0.01,3.44,11.91
160,0,0.1,0.14,0.05,5.65,5.06
161,0,0.04,1.09,1.75,5.26,12.32
162,0,3.52,1.42,2.17,7.41,14.66
163,0,0.02,0.07,0.32,5.75,3.86
164,0,4.19,0.36,18.31,5.63,9.62
165,0,0.62,0.07,4.17,7.14,3.02
166,0,0.01,0.06,3.35,5.43,9.62
167,0,3.18,0.47,0.33,4.65,14.38
168,0,0.34,0.03,0.51,5.97,4.17
169,0,0.38,0.17,27.47,5.35,8.03
170,0,0.17,1.91,0.08,10.78,10.41
171,0,0.06,0.02,2.07,8.62,3.12
172,0,0.02,0.13,1.77,6.14,6.28
173,0,0.13,1.13,0.95,6.19,19.87
174,0,0.03,0.09,0.07,7.11,10.75
175,0,2.6,0.68,0.3,6.62,4.31
176,0,1.96,0.07,0.11,7.52,2.47
177,0,3.32,0.06,0.64,3.2,16.27
178,0,0.19,0.65,19.52,11.93,17.02
179,0,0.01,0.18,0.19,11.79,2.84
180,0,0.11,0.08,0.51,5.51,6.06
181,0,0.88,0.09,17.31,9.05,13.6
182,0,0.04,0.02,7.95,3.24,10.33
183,0,0.63,0.86,6.1,4.9,17.61
184,0,0.14,0.13,0.49,7.06,10.48
185,0,0.11,0.01,1.24,6.4,4.34
186,0,1.83,0.38,3.18,7.63,11.92
187,0,0.04,0.22,4.83,6.54,16.59
188,0,1.04,0.18,1.42,6.04,17.09
189,0,0.6,0.41,0.34,5.64,19.48
190,0,4.93,0.09,1.35,8.27,8.8
191,0,1.48,1.67,1.51,7.21,15.26
192,0,0.15,0.06,1.64,6.53,1.93
193,0,0.16,0.53,0.33,8.4,18.36
194,0,0.13,0.59,0.86,6.29,10.22
195,0,0.08,0.06,0.24,4.64,0.18
196,0,0.29,0.14,0.04,8.25,0.16
197,0,2.98,1.58,0.57,8.11,2.96
198,0,0.91,0.08,3.32,4.47,7.36
199,0,2.58,2.16,18.73,5.76,9.03
200,0,0.16,0.4,0.01,5.6,7.86
201,0,0.05,0.07,3.15,10.54,12.89
202,0,1.68,0.07,5.35,5.43,0.54
203,0,0.69,0.1,3.84,5.23,18.1
204,0,4.23,0.41,0.52,4.81,1.53
205,0,0.04,0.03,2.32,4.76,0.77
206,0,6.82,0.2,1.03,5.73,18.71
207,0,0.5,0.19,0.02,6.67,12.93
208,0,0.03,0.02,5.29,5.97,13.17
209,0,0.6,0.57,0.01,6.97,14.37
210,0,0.08,0.02,25.45,4.19,7.38
211,0,0.72,0.09,0.07,9.57,0.75
212,0,1.91,2.07,7.17,5.07,6.75
213,0,0.19,0.31,24.5,6.31,16.92
214,0,0.77,0.12,0.59,3.6,9.27
215,0,0.02,0.24,0.4,6.38,5.63
216,0,4.34,0.02,0.19,4.54,19.02
217,0,0.01,0.08,0.13,4.33,9.3
218,0,0.13,2.04,0.75,6.11,9.21
219,0,1.9,0.72,0.27,9.54,16.55
220,0,6.74,0.98,0.09,4.56,9.51
221,0,0.66,0.01,10.2,3.11,16.87
222,0,0.34,0.12,0.44,11.69,4.4
223,0,0.34,0.51,0.03,8.32,17.08
224,0,0.18,0.79,0.03,4.01,5.81
225,0,0.02,0.13,22.02,4.71,12.41
226,0,0.05,1.17,4.02,6.63,2.82
227,0,0.12,1.32,2.76,4.82,10.07
228,0,5.54,1.08,2,6.79,1.85
229,0,3.64,1.44,10.55,7.27,1.68
230,0,4.16,0.01,0.03,8.05,7.15
231,0,2.35,0.12,0.02,2.94,15.08
232,0,1.57,1.92,0.08,5.07,9.83
233,0,0.18,1.06,0.11,9.37,14.24
234,0,0.23,1.08,9.29,6.05,2.42
235,0,0.01,1.63,15.07,6.5,5.45
236,0,0.72,0.03,1.39,6.36,5.72
237,0,0.09,1.88,0.02,7.79,0.85
238,0,0.69,0.09,1.9,7.97,19.23
239,0,0.11,1.13,4.31,5.21,1.39
240,0,0.04,0.04,0.55,6.2,19.86
241,0,0.01,0.61,11.91,4.22,7.22
242,0,0.65,0.41,2,5.14,12.03
243,0,0.03,0.33,0.03,4.46,16.21
244,0,0.05,0.62,0.46,4.91,0.13
245,0,0.3,0.01,2.29,4.41,15.45
246,0,0.01,0.47,0.06,5.34,3.6
247,0,6.99,2.04,11.04,6.21,8.13
248,0,1.06,0.94,16.07,5.57,17.63
249,0,0.1,0.09,2.76,9.01,3.41
250,0,0.07,0.04,6.09,8.32,18.62
251,0,2.31,0.6,0.03,4.37,18.08
252,0,0.52,0.01,0.34,4.6,7.52
253,0,4.57,1.33,3.53,7.96,13.35
254,0,0.09,0.28,0.72,6.45,17.93
255,0,0.06,0.04,0.16,4.5,2.22
256,0,0.25,0.04,0.02,5.11,3.04
257,0,0.74,0.11,0.92,8.34,12.09
258,0,6.75,0.9,0.06,5.38,12.88
259,0,0.03,0.14,25.35,4.78,0.45
260,0,3.32,0.07,6.85,15.28,17.72
261,0,0.15,1.66,2.94,5.89,1.65
262,0,1.34,0.06,26.76,3.74,5.29
263,0,2.29,0.04,0.02,6.12,8.63
264,0,0.67,0.08,0.93,6.74,19.46
265,0,0.39,0.13,2.08,7.13,10.04
266,0,0.62,0.07,0.08,3.45,8.41
267,0,0.38,0.35,5.45,7.5,4.45
268,0,1.3,0.6,0.05,3.14,6.28
269,0,0.79,0.56,1.84,5.95,9.58
270,0,2.95,0.14,0.2,7.14,11.76
271,0,2.78,0.18,9.9,5.38,9.41
272,0,0.23,0.02,0.54,4.1,9.45
273,0,0.7,0.1,27.17,8.45,17.11
274,0,3.55,0.13,0.67,9.21,2.17
275,0,1.78,1.5,5.07,5.21,18.72
276,0,0.09,0.79,4.59,6.42,15.89
277,0,0.19,0.07,2.93,7.36,13.07
278,0,0.61,0.32,0.45,12.06,14.9
279,0,0.42,0.03,5.23,5.53,5.62
280,0,1.41,0.04,0.1,5.92,11.6
281,0,5.96,1.3,0.17,4.15,11.94
282,0,0.15,1.1,0.06,3.91,19.61
283,0,0.22,0.03,1.71,6.08,11.96
284,0,3.27,0.05,0.74,4.51,6.44
285,0,0.04,0.05,0.03,6.56,8.93
286,0,1.8,0.02,1.63,6.99,19.09
287,0,0.07,0.02,0.05,4.6,0.66
288,0,2.43,0.12,0.15,5.91,14.31
289,0,0.35,0.01,0.23,9.36,17.99
290,0,0.17,0.08,1.71,5.52,16.1
291,0,0.05,1.71,3.47,6.47,16.2
292,0,0.02,0.02,0.03,5.19,14.86
293,0,0.05,1.39,0.01,7.22,14.5
294,0,0.46,0.61,1.06,3.17,9.21
295,0,0.02,0.06,0.02,3.78,19.53
296,0,3.17,0.02,29.35,6.57,19.49
297,0,0.83,0.19,0.24,8.42,10.84
298,0,0.19,0.52,0.81,7.97,16.24
299,0,0.23,0.09,0.72,4.99,2.06
300,0,1.35,0.15,0.9,5.93,11.88
301,0,0.03,0.03,0.34,8.66,7.45
302,0,3.12,1.37,24.73,7.37,17.74
303,0,5.51,0.08,17,6.31,6.29
304,0,0.03,0.01,0.03,9.89,4.26
305,0,6.35,0.27,2.5,8.44,9.25
306,0,0.6,0.53,13.65,8.54,9.85
307,0,0.18,1.26,3.36,9.95,2.12
308,0,0.7,0.06,5.01,10.76,12.03
309,0,0.69,1.54,0.1,9.14,10.88
310,0,0.03,2.35,9.62,6.99,14.06
311,0,0.01,2.01,1.28,6.05,9.83
312,0,0.39,0.08,0.48,6.24,12.49
313,0,0.02,0.69,0.1,3.8,15.03
314,0,2.36,1.3,1.95,12.75,17.3
315,0,0.73,0.01,2.53,4.68,10.3
316,0,0.97,0.01,17.14,6.02,16.17
317,0,3.9,0.03,3.17,3.6,12.53
318,0,0.73,0.13,0.06,5.77,8.1
319,0,1.89,0.12,0.1,5.56,15.97
320,0,3.23,0.41,0.34,6.79,6.81
321,0,0.41,0.44,0.12,6.63,16.46
322,0,0.02,2.08,0.46,7,18.58
323,0,0.03,2.12,0.1,5.39,11.58
324,0,0.01,0.05,0.64,3.86,0.68
325,0,0.68,0.02,1.84,2.6,1.05
326,0,1.66,0.18,0.02,6.04,10.47
327,0,0.01,0.05,4.15,4,6.16
328,0,0.17,0.14,3.01,8.24,10.28
329,0,1.63,0.16,0.01,9.42,13.44
330,0,0.22,0.28,2.74,14.05,6.42
331,0,0.02,0.52,0.02,4.22,1.53
332,0,0.07,0.71,8.04,7.23,10.97
333,0,0.11,2.31,8.5,4.31,10.3
334,0,5.26,2.15,0.69,5.35,6.05
335,0,0.55,0.15,8.82,5.32,7.47
336,0,0.01,0.7,0.01,9.1,14.96
337,0,0.77,0.85,0.12,10.61,9.26
338,0,0.18,0.14,4.64,4.83,10.35
339,0,3.51,1.21,0.77,3.4,14
340,0,1.06,2.06,0.92,7.19,17.01
341,0,0.09,2.39,0.02,7.87,7.26
342,0,1.47,2.01,1.71,5.2,9.18
343,0,0.09,0.08,1.46,3.83,19.43
344,0,0.2,1.43,11.47,6.21,4.74
345,0,0.06,0.21,11.85,7.69,4.34
346,0,0.79,1.47,3.89,4.55,13.96
347,0,0.07,0.42,1.81,8.86,13.76
348,0,0.28,0.63,2.1,3.25,13.8
349,0,0.19,0.1,0.91,6.09,2.47
350,0,1.52,0.11,0.21,8.48,9.12
351,0,0.17,0.1,0.28,3.99,9.22
352,0,4.78,0.13,0.17,8.41,14.07
353,0,0.07,0.08,18.22,3.86,17.61
354,0,1.08,1.74,0.03,8.11,2.09
355,0,0.37,0.09,0.01,8.58,1.4
356,0,0.06,0.09,2.9,9.62,12.72
357,0,0.04,0.03,0.03,6.27,13.82
358,0,5.25,1.29,0.46,5.5,3.37
359,0,0.02,0.1,0.78,8.32,15.15
360,0,0.13,0.03,0.05,15.22,10.95
361,0,1.74,0.2,0.02,2.53,15.08
362,0,0.01,0.04,0.01,9.05,16.55
363,0,0.11,0.02,6.35,8.66,17.95
364,0,0.31,0.3,0.06,9.56,14.52
365,0,2.26,1.37,9.32,4.78,17.56
366,0,6.8,0.37,13.66,9.4,15.07
367,0,1.62,0.02,0.53,4.9,6.51
368,0,0.05,0.5,0.01,7.53,16.22
369,0,0.49,0.01,0.31,5.67,12.88
370,0,3.74,2.31,9.36,7.53,0.16
371,0,0.02,0.24,24.69,5.68,5.93
372,0,0.43,0.15,0.6,6.6,6.35
373,0,2.95,0.05,0.03,6.17,10.6
374,0,0.01,0.14,0.47,5.26,19.86
375,0,0.23,0.03,0.23,8.82,8.84
376,0,0.19,0.45,1.27,5.11,5.24
377,0,0.04,0.03,0.06,5.75,5.41
378,0,1.59,0.07,0.22,3.75,12.14
379,0,0.2,0.13,24.43,4.88,4.34
380,0,0.01,0.18,0.17,6.18,8.2
381,0,6.91,0.04,0.04,6.17,8.31
382,0,0.05,0.3,0.25,9.42,19.66
383,0,3.81,1.34,0.38,11.62,2.09
384,0,0.39,2.2,0.44,6.29,8.02
385,0,0.04,2.18,0.6,4.51,13
386,0,0.02,0.09,17.08,5.86,2.07
387,0,0.21,0.17,1.39,7.74,16.52
388,0,0.18,0.02,15.7,3.68,3.71
389,0,0.36,0.02,2.86,8.96,6.93
390,0,0.17,0.04,6.04,6.45,2.1
391,0,0.07,1.5,0.32,6.26,13.45
392,0,0.45,0.11,18.05,9.41,11.11
393,0,0.02,0.01,0.52,5.29,14.36
394,0,0.66,0.32,0.82,8.76,2.21
395,0,0.04,0.88,0.02,5.18,13.14
396,0,0.32,2.3,0.67,4.92,10.77
397,0,0.04,0.46,8.16,3.81,0.85
398,0,3.33,0.06,0.32,5.02,14.09
399,0,0.29,0.02,0.1,8.78,1.74
400,0,0.01,0.01,1.71,7.3,1.34
401,0,0.11,0.03,0.01,5.85,10.25
402,0,0.02,0.23,2.66,10.39,11.52
403,0,0.41,0.33,0.33,9.42,4.78
404,0,5.81,0.62,0.14,4.33,13.08
405,0,0.14,0.36,0.31,4.06,13.01
406,0,3.41,0.49,20.36,8.07,15.61
407,0,0.34,0.06,0.25,5.25,17.52
408,0,0.23,0.05,0.09,5.22,19.42
409,0,0.39,0.03,4.1,3.84,17.19
410,0,0.66,0.03,4.8,6.46,17.29
411,0,0.01,0.03,0.03,13.59,13.48
412,0,3.95,0.02,0.06,4.42,6.69
413,0,1.12,1.37,0.06,5.59,0.72
414,0,0.04,1.05,1.71,3.9,1.68
415,0,0.85,0.2,0.02,6.6,19
416,0,0.63,0.15,2.73,12.38,19.91
417,0,5.56,0.02,0.39,4.43,11.81
418,0,0.14,0.07,10.37,4.86,15
419,0,0.35,0.04,3.14,7.47,5.33
420,0,0.42,2.39,0.01,7.38,12.51
421,0,2.53,0.01,0.06,7.64,14.46
422,0,0.02,0.12,0.35,6.31,9.9
423,0,4.02,0.02,0.25,6.29,9.49
424,0,0.19,1.14,0.09,5.69,11.79
425,0,0.05,1.46,3.08,11.18,12.4
426,0,0.41,0.3,11.8,9.73,10.71
427,0,0.37,0.32,12.44,3.71,5.78
428,0,2.12,0.74,0.4,7.45,2.11
429,0,0.04,1.05,0.19,4.03,8.19
430,0,1.14,0.26,1.61,7.99,15.86
431,0,0.04,0.79,3.53,6.17,15.51
432,0,0.02,1.44,0.08,6.79,12.9
433,0,0.34,0.32,8.74,3.93,4.35
434,0,0.38,0.27,5.4,10.06,13.9
435,0,0.03,0.04,0.06,7.63,14.47
436,0,0.03,0.12,2.28,9.31,6.65
437,0,0.07,0.09,3.53,4.64,11.92
438,0,3.89,0.05,3.42,7.21,9.63
439,0,0.03,1.17,3.3,4.41,6.33
440,0,1.1,0.12,0.03,8.82,11.5
441,0,0.02,0.08,15,5.39,5.24
442,0,0.16,0.24,0.73,5.58,18.29
443,0,6.05,0.76,1.18,7.12,7.39
444,0,1.62,0.47,1.67,6.56,12.68
445,0,1.24,0.06,0.56,6.57,4.73
446,0,0.11,1.89,27.7,5.94,9.84
447,0,0.01,0.07,0.04,9.02,14.44
448,0,0.12,0.01,1.35,9.24,15.46
449,0,2.05,0.23,0.89,3.41,0.78
450,0,0.23,1.52,0.85,5.72,10.81
451,0,4.6,0.92,3.49,5.68,14.58
452,0,0.87,0.96,4.38,7.12,2.7
453,0,0.12,0.1,6.07,5.68,7.2
454,0,1.33,0.07,5.16,5.55,4.38
455,0,3.02,0.09,0.03,5.88,19.16
456,0,0.42,0.29,25.29,5.82,18.63
457,0,0.54,0.04,0.48,5.04,7.32
458,0,0.11,0.53,0.1,6.24,16.1
459,0,0.02,0.55,0.07,5.61,8.89
460,0,0.01,0.4,0.66,10.4,1.55
461,0,0.22,0.07,0.21,5.97,4.98
462,0,1.06,0.01,0.05,6.27,4.51
463,0,0.11,1.19,1.02,4.61,3.9
464,0,0.02,1.79,0.93,8.7,14.05
465,0,0.2,0.1,0.06,4.81,1.38
466,0,2.08,0.03,0.04,6.66,12.19
467,0,0.07,0.04,0.05,3.59,5.43
468,0,0.84,2.03,0.03,6.24,11.96
469,0,6.83,0.29,7.81,9.17,17.82
470,0,0.03,0.11,0.04,16.06,4.4
471,0,0.27,0.11,29.76,3.53,19.15
472,0,1.6,0.58,0.01,7.74,14.83
473,0,2.07,0.05,0.03,5.42,5.79
474,0,0.89,0.16,14.13,9.53,0.74
475,0,0.05,0.28,0.09,17.38,16.51
476,0,0.18,0.83,0.03,4.14,8.6
477,0,0.31,0.04,0.01,8.09,18.24
478,0,0.01,0.01,28.71,5.78,7.32
479,0,1.64,1.26,0.01,7.49,17.12
480,0,0.02,0.48,0.15,7.27,14.37
481,0,0.48,0.11,0.54,5.61,19.06
482,0,0.04,0.08,1.48,8.16,6.92
483,0,0.01,0.02,13.36,7.92,4.8
484,0,0.13,2.49,2.84,11.34,16.91
485,0,4.4,1.01,7.66,4.72,0.39
486,0,0.06,0.02,0.33,5.98,9.8
487,0,6.37,1.58,0.09,10.08,3.94
488,0,0.62,0.46,0.02,4.17,7.19
489,0,6.96,0.44,6.12,5.64,14.65
490,0,0.38,0.46,2.55,7.33,4.58
491,0,0.02,0.35,5.71,10.72,12.12
492,0,1.19,1.05,0.02,3.77,19.88
493,0,2.19,0.02,0.64,9.81,14.67
494,0,0.01,0.3,2.1,5.11,11.54
495,0,0.02,0.05,1.31,3.77,11.15
496,0,1.24,0.59,0.74,12.41,16.46
497,0,3.73,0.03,0.56,8.6,10.86
498,0,0.04,1.92,0.34,8.36,2.59
499,0,0.29,0.08,9.15,4.93,2.67
500,0,0.43,0.12,0.05,8.93,6.55
501,0,0.04,0.02,0.17,8.74,15.05
502,0,1.39,1.97,1.51,7.56,13.1
503,0,0.09,0.21,4.74,7.25,5.59
504,0,0.01,0.08,0.37,5.13,6.3
505,0,0.26,0.46,8.22,8.06,14.46
506,0,0.1,0.01,1.68,5.53,3.48
507,0,0.22,0.68,4.28,6.58,8.64
508,0,0.07,0.06,0.85,8.66,18.6
509,0,0.8,0.04,0.37,3.86,1.07
510,0,1.23,0.07,0.88,7.23,6.08
511,0,0.04,0.02,0.35,6.6,16.84
512,0,3.08,0.77,0.02,6.63,10.61
513,0,0.06,0.11,1.43,4.79,9.24
514,0,0.3,0.74,0.02,6.42,9.33
515,0,0.34,0.67,12.4,5.94,11.25
516,0,1.17,0.12,1.93,5.13,9
517,0,0.36,0.15,0.03,5.83,5.09
518,0,0.15,0.02,0.01,7.35,0.2
519,0,0.5,0.18,0.3,6.77,15.57
520,0,0.85,0.23,0.43,4.01,4.83
521,0,2,0.66,0.06,4.93,8.85
522,0,0.16,0.77,3.64,3.62,6.31
523,0,2.96,0.44,0.84,7.92,14.41
524,0,0.02,0.01,0.23,9.82,1.32
525,0,0.29,1.98,0.16,8.68,0.62
526,0,0.01,0.02,4.95,5.55,5.69
527,0,1.08,0.26,0.03,4.92,11.01
528,0,0.04,1.4,1.16,7.66,5.63
529,0,0.23,0.98,14.63,5.96,11.11
530,0,0.82,0.06,3.11,3.43,11.79
531,0,3.5,0.03,3.82,4.31,9.8
532,0,0.03,1.4,0.14,6.39,5.07
533,0,6.62,0.53,17.85,4.19,5.15
534,0,0.13,0.06,12.32,4.52,1.06
535,0,0.15,0.13,0.08,7.72,6.3
536,0,4.98,0.27,0.18,5.28,11.57
537,0,3.15,0.28,0.64,5.69,8.67
538,0,3.33,0.04,0.31,5.79,3.52
539,0,0.02,0.1,0.24,8.72,7.53
540,0,0.3,0.15,0.14,6.42,7.88
541,0,0.75,0.09,2.34,6.01,14.15
542,0,0.01,0.05,1.91,6.64,4.35
543,0,0.15,0.02,0.33,7.99,13.98
544,0,0.09,2.01,0.01,5.74,0.99
545,0,0.52,0.85,0.02,9.45,9.28
546,0,0.21,0.11,5.76,7.21,10.85
547,0,0.35,0.27,11.36,3.46,10.95
548,0,6.84,0.95,3.29,4.85,6.87
549,0,0.08,0.04,0.01,5.19,5.19
550,0,0.01,0.59,0.12,14.04,10.12
551,0,1.57,0.25,0.03,4.35,12.22
552,0,0.04,0.01,0.05,4.07,12.96
553,0,0.06,0.09,0.02,4.91,3.07
554,0,0.02,0.13,0.04,7.35,14.34
555,0,0.08,0.51,0.02,4.01,5.86
556,0,0.91,0.02,1.4,8.66,18.62
557,0,0.03,0.01,12.85,4.61,2.95
558,0,0.43,0.01,0.57,7.6,9.98
559,0,0.68,1.59,0.02,5.47,1.56
560,0,0.19,0.99,3.92,6.08,5.71
561,0,0.06,0.24,3.8,6.24,14.83
562,0,0.88,0.03,0.13,8.51,3.52
563,0,0.26,0.1,7.66,8.43,7.32
564,0,0.02,0.31,8.68,6.63,1.34
565,0,1.11,0.02,5.93,8.12,10.52
566,0,0.44,0.11,1.32,7.36,6.81
567,0,0.04,0.44,0.02,6.16,2.23
568,0,0.01,0.04,4.17,9.05,13.54
569,0,0.27,0.02,0.14,8.45,4.5
570,0,0.55,0.08,0.17,7.73,7.43
571,0,0.02,0.08,2.21,4.75,18.51
572,0,5.02,0.02,0.02,6.89,17.68
573,0,3.02,0.02,0.01,6.53,4.35
574,0,1.36,0.07,0.93,4.76,6.16
575,0,0.06,0.16,1.23,14.34,12.53
576,0,0.02,0.34,0.29,2.85,2.11
577,0,1.24,0.09,7.97,7.6,11.88
578,0,0.95,0.15,0.09,5.57,15.97
579,0,0.02,0.07,16.56,6.52,2.38
580,0,0.08,1.56,0.18,7.96,10.03
581,0,0.09,2.05,24.52,8.63,7.95
582,0,1.58,0.02,3.31,5.77,14.54
583,0,0.06,0.06,1.51,6.49,16.09
584,0,0.01,0.79,0.01,7.02,11.43
585,0,3.45,0.61,2.2,6.85,3.94
586,0,0.29,1.08,2.41,5.12,15.56
587,0,1.83,0.2,0.07,3.78,16.13
588,0,0.23,0.22,0.49,4.35,16.05
589,0,0.85,0.04,6.02,6.82,2.03
590,0,0.03,0.12,0.12,9.73,5.98
591,0,2.79,0.31,9.6,6.4,15.77
592,0,1.08,0.15,1.15,9.3,3.29
593,0,0.01,0.02,0.34,8.08,17.5
594,0,1.37,0.95,0.48,7.37,0.81
595,0,5.17,0.54,0.03,6.61,8
596,0,0.13,2.14,0.6,11.12,15.04
597,0,0.37,0.43,0.08,5.9,19.64
598,0,0.01,0.02,19,4.68,7
599,0,0.04,0.45,0.04,4.95,5.74
600,0,0.04,0.44,3.14,6.14,13.16
601,0,0.4,1.66,17.3,4.17,14.99
602,0,0.05,0.05,0.09,6.23,11.8
603,0,1.22,0.01,0.62,5.55,12.4
604,0,0.11,0.05,3.45,7.91,14.7
605,0,0.11,0.04,0.19,6.56,6.06
606,0,1.15,0.04,0.28,9.55,7.85
607,0,0.03,0.26,0.03,8.81,4.34
608,0,0.59,0.21,0.1,8.75,17.94
609,0,5.67,0.15,0.51,13.66,17.68
610,0,0.27,0.94,3.5,5.2,15.56
611,0,1.62,0.06,0.78,5.21,16.43
612,0,0.01,0.44,0.02,5.57,9.99
613,0,0.04,0.24,1.02,4.33,1.72
614,0,4.67,1.22,0.03,4.21,2.57
615,0,0.1,0.4,0.01,6.04,1.91
616,0,0.2,0.02,0.07,5.18,6.11
617,0,0.05,0.05,3.66,4.89,2.25
618,0,0.1,0.18,0.01,7.98,9.86
619,0,3.07,0.02,2.28,4.22,5.92
620,0,1.76,0.02,0.37,8.16,1.89
621,0,1.68,1.2,13.74,6.84,5.63
622,0,3.26,2.09,0.02,5.22,17.68
623,0,0.44,0.6,0.04,6.37,9.09
624,0,5.59,0.24,0.3,6.4,2.96
625,0,0.86,0.06,4.83,10.16,11.94
626,0,0.09,0.45,0.02,2.48,10.58
627,0,0.02,0.42,1.83,6.55,17.6
628,0,0.44,0.19,0.16,4.98,7.43
629,0,0.87,2.09,15.21,7.13,17.72
630,0,0.2,0.17,0.53,5.5,0.56
631,0,1.98,0.02,16.57,12.12,13.63
632,0,0.05,2.29,1.15,6.37,4.68
633,0,0.25,0.12,0.08,7.52,14.35
634,0,4.95,0.23,9.67,6.82,6.52
635,0,3.66,0.41,1.58,6.18,18.8
636,0,0.29,0.12,23.22,5.23,19.72
637,0,0.08,1.69,0.27,5.28,12.76
638,0,2.31,0.02,0.16,3.52,0.14
639,0,0.02,0.19,0.55,5.68,13.16
640,0,3.54,0.06,14.9,5.41,3.32
641,0,4.7,0.05,0.16,7.2,4.19
642,0,3.67,0.05,2.54,5.57,19.85
643,0,0.07,0.97,0.3,10.49,16.38
644,0,0.08,0.7,0.42,5.56,8.5
645,0,0.17,0.03,1.79,3.59,17.58
646,0,0.03,0.12,0.89,6.05,9.31
647,0,1.4,0.02,0.74,5.99,12.23
648,0,1.12,0.58,14.19,8.86,3.6
649,0,1.97,0.68,0.05,6.14,15.21
650,0,3.07,0.24,2.72,7.24,5.41
651,0,0.21,0.02,3.98,5.41,5.72
652,0,1.85,0.04,0.02,6.02,12.66
653,0,1.78,0.02,1.17,9.81,16.39
654,0,0.01,0.04,0.94,9.51,7.81
655,0,0.03,0.01,0.21,5.23,13.17
656,0,0.49,0.02,2.8,7.26,12.39
657,0,0.26,0.12,0.06,4.74,19.71
658,0,0.01,0.06,0.11,4.64,17.83
659,0,2.41,0.26,0.04,4.58,16.4
660,0,5.76,0.3,0.03,3.39,5.17
661,0,0.06,0.85,0.59,4.32,9.55
662,0,0.05,0.06,3.73,3.88,5.39
663,0,0.63,0.21,0.89,6.84,11.89
664,0,0.22,2.2,0.39,9.78,2.26
665,0,0.16,0.02,1.78,6.01,7.3
666,0,1.59,0.54,1.34,5.42,16.11
667,0,0.03,0.73,21.84,5.24,10.28
668,0,0.37,0.16,0.03,7.01,14.87
669,0,0.09,0.54,8.68,9.77,18.52
670,0,0.07,0.12,0.05,8.44,17.25
671,0,0.04,0.03,25.18,5.86,3.57
672,0,0.25,0.04,0.03,5.5,0.6
673,0,0.29,0.07,2.32,6.03,3.83
674,0,0.17,0.81,0.03,9.76,12.93
675,0,0.24,0.09,12.34,10.02,4.92
676,0,0.02,0.38,0.18,6.72,17.8
677,0,0.06,0.02,0.14,5.19,14.8
678,0,5.36,1.59,0.08,6.1,2.78
679,0,4.5,0.31,0.25,3.01,15.46
680,0,0.57,0.03,2.39,9.67,6.22
681,0,2.79,0.01,0.02,9.92,13.89
682,0,0.09,0.03,0.11,12.71,16.72
683,0,2.79,0.17,5.35,10.94,7.95
684,0,0.69,1.54,0.13,5.7,4.69
685,0,1.56,1.18,2.42,6.23,18.33
686,0,0.15,0.18,0.77,5.97,7.44
687,0,0.08,0.01,1.45,4.87,18.46
688,0,0.02,2.21,0.12,5.95,9.36
689,0,0.71,0.02,12.35,11.34,14.92
690,0,0.12,0.04,1.97,5.9,4.02
691,0,0.05,0.07,3.19,3.79,19.84
692,0,0.62,0.81,0.02,3.8,2.35
693,0,0.15,0.06,0.29,5.33,18.76
694,0,0.03,0.05,0.36,5.09,13.67
695,0,0.5,0.02,5.37,9.96,9.61
696,0,0.27,1.13,6.37,6.16,15.39
697,0,0.29,1.77,0.01,5.71,15.87
698,0,0.04,0.94,0.05,5.96,12.72
699,0,0.18,0.07,0.03,7.21,4.45
700,0,4.48,0.4,0.67,7.78,3.76
701,0,0.06,2.33,0.21,10.44,3.55
702,0,1.17,0.6,0.18,6.24,9.52
703,0,0.07,0.51,5.81,4.82,11.1
704,0,1.4,0.22,2.89,8.88,1.2
705,0,1.26,0.05,1.74,5.96,18.71
706,0,1.15,0.7,3.96,4.07,8.48
707,0,0.02,2.26,5.07,5.61,16.89
708,0,0.06,1.15,0.01,7.3,11.29
709,0,1.79,0.82,1.4,9.13,5.98
710,0,0.04,0.02,0.13,5.43,3.18
711,0,0.07,0.06,3.51,6.56,1.25
712,0,0.03,0.06,2.99,8.58,16.61
713,0,0.11,0.61,3.73,5.99,1.91
714,0,0.02,0.02,0.04,5.65,0.34
715,0,0.01,0.14,0.05,15.81,1.21
716,0,0.36,2.37,0.01,5.96,19.22
717,0,0.02,0.03,0.06,6.69,7.14
718,0,4.12,0.15,0.69,3.25,16.6
719,0,0.03,0.23,4.32,5.59,13.94
720,0,1.22,0.1,13.91,4.54,5.41
721,0,0.02,0.07,0.15,16.01,6.98
722,0,2.18,2.05,0.02,6.52,17.35
723,0,0.16,1.16,0.1,4.19,8.98
724,0,6.8,0.02,6.65,14.53,4.29
725,0,0.02,1.08,6.23,6.96,0.68
726,0,0.07,0.42,0.77,7.27,12.5
727,0,0.08,0.09,5.52,9.23,2.4
728,0,0.59,0.37,4.61,7.58,14.41
729,0,0.18,1.11,0.02,4.62,13.9
730,0,2.27,0.21,23.18,8.04,7.73
731,0,0.03,0.79,0.33,6.04,6.51
732,0,2.15,0.19,15.1,8.34,7.83
733,0,0.13,1.04,0.08,6.07,15.3
734,0,0.15,0.41,2.64,8.65,14.92
735,0,3.15,0.05,4.57,7.58,19.25
736,0,0.01,1.11,0.02,4.02,7.37
737,0,0.01,0.02,0.06,7.56,14.98
738,0,0.02,0.01,0.43,7,4.79
739,0,0.08,1.03,1.44,7.19,15.01
740,0,4.97,0.04,0.22,7.16,3.89
741,0,0.01,0.11,0.1,3.47,17.19
742,0,1.19,0.12,27.7,5.58,19.42
743,0,0.05,0.21,0.13,10.46,18.27
744,0,4.75,0.2,28.06,11.63,11.92
745,0,1.28,0.29,0.05,7.04,9.08
746,0,0.84,0.33,0.01,4.4,15.96
747,0,0.03,0.12,0.22,8.47,2.45
748,0,2.94,0.12,0.05,6.3,9.8
749,0,2.17,0.11,0.06,4.76,16.47
750,0,0.34,0.83,0.3,7.39,1.33
751,0,0.02,0.09,0.03,5.02,6.87
752,0,4.38,1.12,0.16,5.32,6.99
753,0,0.14,0.02,1.48,6.32,11.63
754,0,0.29,0.6,6.31,5.31,4.85
755,0,0.02,0.53,0.02,9.95,4.91
756,0,0.69,0.96,0.6,7.29,5.33
757,0,0.07,0.02,0.1,6.37,11.81
758,0,0.96,0.74,0.08,4.28,7.33
759,0,2.01,0.04,3.73,4.85,14.38
760,0,0.2,1.11,3.27,7.93,13.69
761,0,0.35,0.06,6.79,7.39,1.26
762,0,0.01,2.07,0.12,5.33,7.64
763,0,1.37,0.59,0.08,9.5,4.5
764,0,0.05,0.14,26.64,3.94,12.76
765,0,2.72,1.34,0.11,6.06,9.98
766,0,0.09,0.03,0.21,6.08,3.77
767,0,5.1,0.09,0.02,12.09,9.81
768,0,4.29,0.04,7.96,4.39,16.42
769,0,0.25,0.06,0.09,5.53,14.32
770,0,0.02,0.02,2.92,6.02,7.31
771,0,0.01,0.26,0.86,4.38,4.03
772,0,0.02,0.66,2.84,5.57,5.94
773,0,2.35,0.37,1.73,8.19,4.43
774,0,0.14,0.19,2.53,4.52,8.75
775,0,0.08,1.75,0.44,4.52,8.93
776,0,1.81,0.6,21.25,5.75,11.25
777,0,0.82,0.17,0.59,5.07,0.19
778,0,0.01,0.06,2.32,5.98,9.81
779,0,0.03,2.03,10.18,4.47,7.08
780,0,0.27,0.83,0.12,6.45,18.88
781,0,0.02,2.38,0.98,7.68,19.02
782,0,0.16,0.12,0.09,7.52,17.06
783,0,3.9,0.05,1.88,5.24,10.58
784,0,3.87,0.24,0.02,9.28,19.65
785,0,0.02,0.05,0.2,7.9,5.44
786,0,0.27,0.88,29.59,4.05,8.89
787,0,0.42,0.07,3.38,6.06,1.61
788,0,2.61,0.61,0.47,7.18,10.67
789,0,3.58,0.64,0.23,3.52,9.54
790,0,5.15,1,0.3,4.64,13.35
791,0,2.48,0.22,0.21,5.69,15.49
792,0,1.63,0.03,1.45,4.43,7.59
793,0,0.01,0.36,6.08,8,6.13
794,0,0.28,0.05,0.12,5.24,0.97
795,0,1.84,0.52,0.04,7.35,3.15
796,0,2.15,0.02,10.63,5.42,4.81
797,0,0.05,1.47,0.25,2.7,11.71
798,0,0.4,2.25,1.2,3.78,4.47
799,0,4.71,0.18,0.19,9,17.54
800,0,0.94,0.01,0.55,4.73,16.76
801,0,1.16,0.18,0.46,2.77,8.11
802,0,1.29,1.63,0.11,3.67,2.58
803,0,2.92,0.02,8.83,4.33,4.51
804,0,0.02,1.29,19.43,4.7,4.8
805,0,0.01,0.43,0.01,5.89,10.91
806,0,1.02,1.67,1.58,8.21,7.97
807,0,0.15,0.4,4.03,10.2,10.58
808,0,2.76,1.25,1.56,4.33,13.19
809,0,1.13,0.06,15.34,6.75,10.99
810,0,3.74,0.3,0.06,5.86,9.94
811,0,0.51,0.01,0.84,3.7,14.82
812,0,0.77,0.04,1.3,6.69,13.33
813,0,1.97,0.18,2.51,6.74,13.8
814,0,0.32,0.06,3.3,6.01,13.32
815,0,2.2,0.96,1.08,10.88,8.7
816,0,0.11,0.08,1.36,5.72,8.26
817,0,0.3,0.02,1.09,12.24,11.47
818,0,4.7,0.5,0.01,3.76,6.24
819,0,1.2,0.07,0.36,8.48,17.46
820,0,1.39,1,0.01,5.94,6.69
821,0,0.95,0.64,0.13,11.17,1.72
822,0,1.29,0.02,0.13,6.61,7.31
823,0,1.35,0.1,0.11,4.5,10
824,0,0.06,0.52,0.75,6.29,14.53
825,0,0.03,0.19,4.55,6.21,13.26
826,0,6.14,0.08,0.15,5.42,8.35
827,0,0.06,0.76,0.53,6.51,3.46
828,0,0.02,1.93,0.15,4.41,2.83
829,0,0.04,0.01,0.3,5.13,18.55
830,0,2.38,0.84,13.07,5.15,12.19
831,0,1.56,1.54,17.41,7.55,6.82
832,0,0.15,0.09,0.18,6.85,15.85
833,0,0.01,0.05,16.18,4.66,12.23
834,0,1.97,0.01,1.99,3.47,5.91
835,0,0.07,0.27,0.71,5.79,10.29
836,0,0.28,0.38,14.6,11,3.09
837,0,2.81,1.87,2.52,5.83,0.84
838,0,1.36,0.49,10.02,6.15,12.52
839,0,0.16,0.14,0.28,5.56,8.09
840,0,0.08,2.35,3.42,6.74,9.88
841,0,3.35,0.45,21.84,5.06,2.94
842,0,0.04,0.41,4.33,4.87,5.11
843,0,0.19,0.07,14.65,5.77,16.47
844,0,0.02,0.01,3.25,5.38,5.17
845,0,4.77,0.2,7.97,7.33,18.53
846,0,2.36,0.29,0.75,5.48,5.79
847,0,2.76,1.9,0.31,8.7,3.63
848,0,0.01,0.04,0.33,7.89,10.3
849,0,0.03,1.02,13.02,8.81,18.69
850,0,0.13,0.02,2.13,5.07,13.83
851,0,0.23,0.02,9.13,6.63,0.32
852,0,0.04,0.23,0.85,5.12,12.01
853,0,0.21,1.29,21.32,6.77,6.9
854,0,0.03,1.38,0.11,9.33,17.42
855,0,2.36,0.07,0.12,6.14,2.46
856,0,0.04,0.11,1.48,10.89,7.4
857,0,1.9,0.21,0.02,6.96,17.51
858,0,0.03,1.65,0.5,4.67,15.62
859,0,0.04,0.1,5.12,6.96,7.75
860,0,0.02,0.06,0.04,4.39,10.91
861,0,0.14,0.14,0.03,11.18,15.63
862,0,0.05,1.29,2.57,5.66,7.41
863,0,0.09,1.46,1.51,8.59,16.34
864,0,0.87,0.18,0.04,7.26,2.22
865,0,1.42,0.36,1.21,4.85,18.39
866,0,0.03,0.01,0.28,7.35,9.56
867,0,0.38,0.52,2.27,4.72,18.32
868,0,0.05,1.82,2.37,5.08,9.02
869,0,2.72,1,0.05,9.51,4.41
870,0,0.33,0.06,14.13,7.95,6.81
871,0,0.07,0.07,0.02,9.66,9
872,0,0.19,0.47,0.05,5.87,0.41
873,0,1.24,1.12,0.02,10.6,17.97
874,0,1.04,0.03,0.81,11.52,13.13
875,0,0.59,0.16,2.38,4.73,4.08
876,0,0.51,2.03,2.42,6.5,13.03
877,0,3.98,0.52,0.08,8.76,2.48
878,0,0.03,1.82,0.07,7.23,2.16
879,0,3.15,0.05,0.68,9.61,5.63
880,0,0.49,0.31,0.05,3.73,9.51
881,0,0.04,0.09,2.49,7.28,17.33
882,0,4.89,0.04,3.42,11.27,15.14
883,0,2.66,0.03,5.88,7.35,11.67
884,0,1.39,0.03,1.45,6.93,6.13
885,0,0.02,0.16,0.43,7.29,17.24
886,0,1.33,0.04,0.02,5.32,13.47
887,0,3.7,0.11,0.03,3.35,2.58
888,0,0.02,0.25,7.87,6.56,15.45
889,0,1.49,0.43,1.13,5.05,5.82
890,0,0.12,1,4.02,4.53,19.17
891,0,0.06,0.09,3.38,5,3.75
892,0,0.87,0.28,0.05,9.01,17.52
893,0,2.94,2.38,0.02,7.13,18.75
894,0,0.12,0.11,0.02,7.63,11.77
895,0,0.01,2.41,1.58,8.94,18.4
896,0,0.26,0.05,0.18,6.3,15.76
897,0,4.57,0.02,0.33,4.95,6.56
898,0,2.76,1,9.5,3.95,19.75
899,0,0.11,0.01,0.09,7.61,2.07
900,0,2.87,0.2,2.64,5.19,11.43
901,0,0.31,0.24,0.21,6.92,15.39
902,0,0.46,1.67,0.05,12.08,2.28
903,0,0.1,0.28,0.94,5.67,8.59
904,0,1.81,2.04,1.33,12.32,11.67
905,0,0.8,0.13,0.51,10.62,17.82
906,0,1.33,0.03,0.01,4.26,16.23
907,0,0.76,0.8,0.2,6.16,8.71
908,0,0.02,0.12,0.02,5.3,2.62
909,0,0.03,1.25,19.2,6.05,17.92
910,0,0.01,2.47,0.01,6.53,3.92
911,0,6.72,1.03,5.63,5.84,11.51
912,0,0.32,0.34,21.68,7.38,4.56
913,0,0.11,0.64,23.42,6.81,5.31
914,0,0.73,2.5,0.16,9.46,17.21
915,0,0.55,0.09,16.74,5.57,12.27
916,0,0.03,0.03,0.01,7.21,5.47
917,0,1.79,0.07,0.09,5.7,2.61
918,0,0.01,0.02,1.03,5.29,1.71
919,0,2.06,0.34,23.29,3.21,5.79
920,0,0.05,0.81,0.02,6.09,18.32
921,0,0.36,0.69,0.02,5.13,17.18
922,0,0.94,1.42,0.03,5.2,18.71
923,0,0.12,0.04,26.93,4.28,6.44
924,0,0.05,0.03,1.71,6.69,10.64
925,0,0.25,0.08,0.37,5.44,17.72
926,0,5.95,0.07,0.25,7.26,10.69
927,0,0.07,0.05,0.34,8.38,0.95
928,0,0.08,1.96,4.81,3.66,0.2
929,0,0.53,0.02,0.22,5.16,17.16
930,0,0.03,0.2,7.82,9.38,10.25
931,0,1.31,0.04,27.21,5.06,0.79
932,0,0.08,0.13,2.4,3.33,5.05
933,0,0.01,0.39,6.78,9.21,3.2
934,0,4.91,0.08,2.3,4.61,10.83
935,0,0.65,0.87,1.96,7.15,4.87
936,0,2.65,0.5,0.19,6.89,19.47
937,0,0.48,2.06,0.02,8.41,9.35
938,0,0.04,1.73,18.69,5.59,17.99
939,0,0.42,0.49,0.01,8.15,13.42
940,0,0.14,0.1,0.13,4.75,13.28
941,0,0.53,0.32,0.22,5.56,12.22
942,0,2.24,0.16,1.41,9.28,14.43
943,0,2.31,0.01,4.34,9.21,13.32
944,0,1.33,0.27,1.27,4.31,16.72
945,0,0.07,0.17,0.27,9.03,10.27
946,0,0.31,0.1,0.05,4.6,19.15
947,0,0.17,1.41,15.08,3.36,13.59
948,0,2.14,1.82,0.55,6,18.5
949,0,0.08,0.45,0.03,6.75,9.97
950,0,0.04,1.26,0.42,9.06,8.98
951,0,2.11,0.03,0.02,5.72,10.4
952,0,0.1,1.38,0.01,4.46,9.99
953,0,0.09,1.6,2.33,6.92,17.68
954,0,0.24,0.52,4.85,9.77,7.35
955,0,0.72,1.28,0.53,12.38,16.36
956,0,0.17,1.97,0.02,4.2,16.87
957,0,0.27,0.52,0.33,8.59,19.46
958,0,0.11,0.08,0.11,7.04,1.46
959,0,0.09,0.07,0.01,13.9,6.29
960,0,0.11,0.03,0.08,6.31,4.67
961,0,0.22,0.12,1.04,5.86,2.97
962,0,0.69,1.57,2.35,4.22,5.6
963,0,0.16,0.26,0.12,8.55,10.18
964,0,0.02,0.04,3.46,4.11,6.21
965,0,0.01,0.01,5.46,5.81,9.75
966,0,3.61,0.21,0.07,9.6,12.42
967,0,3.11,0.02,1.72,6.9,14.89
968,0,1.31,0.11,1.07,5.62,6.05
969,0,0.41,0.07,0.53,9.37,16.61
970,0,0.11,0.26,4.61,5.21,3.62
971,0,0.62,1.62,0.06,11.44,15.57
972,0,0.86,0.77,0.05,5.21,16.76
973,0,0.04,0.54,8.88,8.15,7.16
974,0,1.42,0.65,0.11,5.78,10.42
975,0,0.04,0.06,1.37,5.11,11.8
976,0,2.02,1.82,6.75,7.44,13.62
977,0,0.28,1.74,2.62,4.22,17.18
978,0,1.85,0.06,0.01,11.56,15.67
979,0,0.11,0.08,2.07,7.66,5.91
980,0,1.98,0.05,16.55,4.9,18.01
981,0,0.03,0.15,0.09,8.51,14.98
982,0,0.18,0.01,3.34,4.36,18.12
983,0,0.08,2.06,5.63,5.38,18.89
984,0,0.12,0.76,0.29,2.91,13.01
985,0,5.64,0.01,0.57,8.46,3.62
986,0,0.79,0.75,0.52,9.91,12.59
987,0,2.12,0.04,0.22,11.26,14.66
988,0,0.24,0.1,0.02,14.06,11.27
989,0,0.28,0.01,2.54,3.53,7.32
990,0,0.71,0.16,5.06,7.07,3.89
991,0,0.04,0.01,2.28,5.91,19.2
992,0,0.27,0.08,0.08,5.42,1.17
993,0,0.69,1.08,6.2,7.6,5.59
994,0,0.05,0.48,2.08,6.77,19.63
995,0,0.01,0.07,0.3,9.28,15.55
996,0,0.64,0.16,0.21,8.65,3.91
997,0,0.92,0.11,0.1,6.25,15.58
998,0,4.02,0.25,14.55,7.94,18.53
999,0,0.26,2.2,0.41,9.97,17.73
1000,0,0.6,0.01,4.6,6.19,16.31
